PrDM,T090C,T190C,C0S/m,C1S/m,Sbeox0V,Sbeox1V,FlECO-AFL,TurbWETntu0,AltM,DepSM,Dz/dtM,Sal00,Sal11,Sbeox0ML/L,Sbeox1ML/L,Density00,Density11,SvCM,SvCM1,Flag
3.000,13.9994,14.0001,3.896568,3.897095,2.3783,3.0745,0.7285,0.2305,49.55,2.975,0.191,32.2429,32.2473,6.1281,6.2377,1024.0708,1024.0740,1500.29,1500.29,0.0000e+00
4.000,14.0104,14.0079,3.897470,3.897759,2.3807,3.0717,0.7665,0.1629,65.24,3.966,0.460,32.2416,32.2464,6.1257,6.2261,1024.0721,1024.0763,1500.34,1500.33,0.0000e+00
5.000,13.9847,13.9893,3.895959,3.896399,2.3777,3.0696,0.7603,0.1258,99.38,4.958,0.434,32.2489,32.2491,6.1232,6.2259,1024.0874,1024.0867,1500.28,1500.29,0.0000e+00
6.000,13.9373,13.9390,3.892433,3.892760,2.3767,3.0661,0.8069,0.1357,98.88,5.949,0.565,32.2557,32.2574,6.1198,6.2110,1024.1069,1024.1078,1500.15,1500.15,0.0000e+00
7.000,13.9348,13.9247,3.892313,3.891742,2.3723,3.0538,0.7483,0.1378,98.88,6.941,0.609,32.2563,32.2595,6.0731,6.1374,1024.1123,1024.1169,1500.16,1500.13,0.0000e+00
8.000,13.8984,13.8602,3.889841,3.886833,2.3516,2.9947,0.7521,0.1367,98.88,7.932,0.470,32.2637,32.2680,5.9001,5.9167,1024.1300,1024.1410,1500.06,1499.94,0.0000e+00
9.000,13.5499,13.4873,3.865885,3.857708,2.2948,2.8983,0.8260,0.1258,98.88,8.924,0.577,32.3349,32.3116,5.6102,5.6561,1024.2600,1024.2546,1499.01,1498.78,0.0000e+00
10.000,12.6897,12.6912,3.799938,3.796229,2.1947,2.7403,0.8952,0.2401,98.88,9.915,0.393,32.4480,32.4115,5.2228,5.2481,1024.5213,1024.4928,1496.29,1496.25,0.0000e+00
11.000,11.6978,11.6943,3.723110,3.719328,2.0457,2.5195,1.0007,0.2656,98.88,10.907,0.641,32.5708,32.5370,4.7006,4.7633,1024.8083,1024.7827,1493.06,1493.01,0.0000e+00
12.000,11.0474,11.0697,3.675675,3.671830,1.9645,2.4190,1.3178,0.2534,94.89,11.898,0.727,32.6795,32.6217,4.5209,4.6057,1025.0146,1024.9657,1490.94,1490.95,0.0000e+00
13.000,10.4807,10.5083,3.631257,3.628584,1.8794,2.3134,1.5211,0.2475,69.24,12.890,0.508,32.7437,32.6921,4.3770,4.4506,1025.1679,1025.1229,1489.02,1489.06,0.0000e+00
14.000,9.9905,9.9985,3.591396,3.588980,1.7996,2.2191,1.8397,0.2621,99.68,13.882,0.521,32.7841,32.7523,4.2838,4.3262,1025.2871,1025.2610,1487.33,1487.32,0.0000e+00
15.000,9.8292,9.8291,3.578955,3.576436,1.7540,2.1620,1.9565,0.2445,98.31,14.873,0.502,32.8038,32.7782,4.1918,4.2144,1025.3338,1025.3138,1486.79,1486.75,0.0000e+00
16.000,9.6332,9.6360,3.566496,3.565044,1.6925,2.0759,1.6269,0.2117,72.84,15.864,0.383,32.8550,32.8376,4.0171,4.0019,1025.4105,1025.3965,1486.15,1486.14,0.0000e+00
17.000,9.4984,9.4925,3.558641,3.556023,1.6514,2.0166,1.2966,0.2668,45.77,16.856,0.812,32.8975,32.8760,3.8897,3.8833,1025.4701,1025.4543,1485.73,1485.68,0.0000e+00
18.000,9.2739,9.2763,3.541663,3.539830,1.6303,1.9958,0.9549,0.1659,97.90,17.847,0.840,32.9287,32.9075,3.8632,3.8766,1025.5352,1025.5182,1484.96,1484.94,0.0000e+00
19.000,9.1798,9.1820,3.534435,3.533135,1.6076,1.9734,0.7667,0.1237,59.74,18.839,0.455,32.9403,32.9249,3.8349,3.8450,1025.5638,1025.5514,1484.64,1484.63,0.0000e+00
20.000,8.9673,8.9668,3.517723,3.516220,1.5762,1.9353,0.6597,0.0999,74.33,19.830,0.447,32.9631,32.9478,3.7730,3.7584,1025.6196,1025.6078,1483.90,1483.88,0.0000e+00
21.000,8.8286,8.8291,3.507056,3.506011,1.5566,1.9048,0.6826,0.1093,99.14,20.822,0.609,32.9802,32.9688,3.6746,3.6591,1025.6592,1025.6503,1483.43,1483.42,0.0000e+00
22.000,8.6486,8.6516,3.497644,3.496540,1.5326,1.8688,0.4993,0.0873,71.34,21.813,0.557,33.0491,33.0347,3.5776,3.5620,1025.7454,1025.7337,1482.86,1482.85,0.0000e+00
23.000,8.5347,8.5375,3.492498,3.491760,1.5023,1.8265,0.2948,0.0720,74.98,22.805,0.509,33.1012,33.0908,3.4802,3.4712,1025.8082,1025.7997,1482.51,1482.51,0.0000e+00
24.000,8.4237,8.4254,3.487562,3.486707,1.4803,1.8013,0.1627,0.1107,99.05,23.796,0.633,33.1530,33.1424,3.4545,3.4532,1025.8702,1025.8616,1482.18,1482.17,0.0000e+00
25.000,8.3638,8.3652,3.483040,3.482516,1.4681,1.7907,0.1533,0.0747,75.76,24.788,0.546,33.1612,33.1543,3.4519,3.4473,1025.8902,1025.8847,1481.98,1481.98,0.0000e+00
26.000,8.3329,8.3324,3.480944,3.480439,1.4548,1.7772,0.1651,0.0633,100.35,25.779,0.312,33.1676,33.1627,3.4225,3.4116,1025.9045,1025.9008,1481.89,1481.88,0.0000e+00
27.000,8.2597,8.2642,3.476752,3.476503,1.4371,1.7514,0.1651,0.0629,81.73,26.771,0.546,33.1918,33.1849,3.3466,3.3274,1025.9390,1025.9329,1481.66,1481.67,0.0000e+00
28.000,8.1974,8.1978,3.472981,3.472748,1.4282,1.7348,0.1437,0.0672,89.81,27.762,0.862,33.2103,33.2074,3.3052,3.2824,1025.9674,1025.9651,1481.46,1481.46,0.0000e+00
29.000,8.1756,8.1765,3.472852,3.472772,1.4189,1.7257,0.1163,0.0745,98.72,28.754,0.858,33.2291,33.2274,3.2727,3.2676,1025.9899,1025.9885,1481.42,1481.42,0.0000e+00
30.000,8.1668,8.1671,3.473224,3.473108,1.4099,1.7133,0.1351,0.0792,78.56,29.745,0.592,33.2409,33.2394,3.2561,3.2458,1026.0051,1026.0039,1481.42,1481.42,0.0000e+00
31.000,8.1536,8.1535,3.472745,3.472638,1.3980,1.7014,0.1059,0.0548,85.95,30.736,0.333,33.2478,33.2469,3.2415,3.2303,1026.0171,1026.0163,1481.39,1481.39,0.0000e+00
32.000,8.1332,8.1338,3.472025,3.472052,1.3896,1.6906,0.1106,0.0673,86.93,31.728,0.379,33.2591,33.2588,3.2095,3.1942,1026.0335,1026.0332,1481.35,1481.35,0.0000e+00
33.000,8.1040,8.1032,3.471699,3.471704,1.3791,1.6789,0.1207,0.0750,60.07,32.719,0.517,33.2829,33.2837,3.1710,3.1684,1026.0611,1026.0618,1481.28,1481.28,0.0000e+00
34.000,8.0777,8.0788,3.470705,3.470802,1.3744,1.6723,0.0849,0.1153,88.16,33.711,0.554,33.2968,33.2968,3.1687,3.1583,1026.0805,1026.0803,1481.22,1481.22,0.0000e+00
35.000,8.0637,8.0645,3.469974,3.470115,1.3693,1.6657,0.1240,0.0603,51.51,34.702,0.553,33.3019,33.3026,3.1475,3.1366,1026.0911,1026.0916,1481.19,1481.19,0.0000e+00
36.000,8.0613,8.0615,3.470455,3.470588,1.3643,1.6604,0.1036,0.0690,95.29,35.693,0.638,33.3088,33.3100,3.1325,3.1260,1026.1014,1026.1024,1481.20,1481.20,0.0000e+00
37.000,8.0562,8.0563,3.470548,3.470711,1.3607,1.6543,0.0989,0.0725,63.25,36.685,0.497,33.3142,33.3158,3.1281,3.1160,1026.1110,1026.1122,1481.21,1481.21,0.0000e+00
38.000,8.0519,8.0528,3.470437,3.470661,1.3567,1.6510,0.0822,0.0656,72.77,37.676,0.350,33.3166,33.3182,3.1202,3.1091,1026.1181,1026.1192,1481.21,1481.21,0.0000e+00
39.000,8.0518,8.0518,3.470526,3.470716,1.3539,1.6468,0.0978,0.0791,70.07,38.668,0.393,33.3172,33.3192,3.1149,3.0987,1026.1231,1026.1247,1481.22,1481.23,0.0000e+00
40.000,8.0508,8.0509,3.470588,3.470802,1.3513,1.6435,0.1229,0.0751,73.52,39.659,0.456,33.3183,33.3205,3.1033,3.0938,1026.1287,1026.1305,1481.24,1481.24,0.0000e+00
41.000,8.0421,8.0413,3.470307,3.470494,1.3495,1.6422,0.1113,0.0727,89.84,40.650,0.661,33.3232,33.3259,3.1064,3.0959,1026.1384,1026.1407,1481.23,1481.23,0.0000e+00
42.000,8.0010,8.0001,3.467245,3.467215,1.3497,1.6442,0.2106,0.2988,66.95,41.642,0.763,33.3291,33.3297,3.1002,3.0873,1026.1537,1026.1543,1481.10,1481.09,0.0000e+00
43.000,7.9732,7.9726,3.465725,3.465883,1.3463,1.6333,0.1365,0.1539,81.22,42.633,0.634,33.3389,33.3412,3.0598,3.0441,1026.1701,1026.1719,1481.02,1481.02,0.0000e+00
44.000,7.9837,7.9836,3.467832,3.468058,1.3370,1.6240,0.1688,0.1174,68.30,43.624,0.488,33.3509,33.3534,3.0212,3.0295,1026.1825,1026.1845,1481.09,1481.09,0.0000e+00
45.000,7.9573,7.9581,3.466328,3.466631,1.3266,1.6037,0.0943,0.0662,96.29,44.616,0.365,33.3596,33.3620,2.9560,2.9283,1026.1978,1026.1996,1481.02,1481.03,0.0000e+00
46.000,7.9264,7.9261,3.465700,3.465963,1.3068,1.5612,0.0816,0.0624,62.32,45.607,0.706,33.3819,33.3850,2.7985,2.7580,1026.2244,1026.2269,1480.94,1480.95,0.0000e+00
47.000,7.8369,7.8392,3.462188,3.462199,1.2893,1.5353,0.0891,0.0674,96.31,46.599,0.975,33.4294,33.4274,2.7279,2.7099,1026.2794,1026.2774,1480.68,1480.69,0.0000e+00
48.000,7.7633,7.7635,3.458711,3.458758,1.2756,1.5227,0.0844,0.0655,98.81,47.590,1.018,33.4622,33.4625,2.6981,2.7030,1026.3204,1026.3206,1480.46,1480.46,0.0000e+00
49.000,7.7328,7.7317,3.457273,3.457283,1.2638,1.5078,0.0874,0.0610,62.45,48.581,0.768,33.4756,33.4768,2.6893,2.6883,1026.3400,1026.3410,1480.37,1480.37,0.0000e+00
50.000,7.7133,7.7151,3.456341,3.456586,1.2445,1.4906,0.0757,0.0647,98.79,49.572,0.426,33.4838,33.4847,2.6768,2.6657,1026.3538,1026.3542,1480.33,1480.33,0.0000e+00
51.000,7.6940,7.6942,3.455445,3.455639,1.2343,1.4767,0.0973,0.0723,69.44,50.564,0.668,33.4923,33.4942,2.6538,2.6295,1026.3678,1026.3693,1480.28,1480.28,0.0000e+00
52.000,7.6806,7.6811,3.454874,3.455083,1.2291,1.4724,0.0964,0.0838,99.43,51.555,0.748,33.4986,33.5003,2.6359,2.6189,1026.3793,1026.3806,1480.25,1480.26,0.0000e+00
53.000,7.6712,7.6713,3.454563,3.454777,1.2247,1.4639,0.0713,0.0829,70.87,52.546,0.687,33.5038,33.5060,2.6256,2.5967,1026.3893,1026.3910,1480.24,1480.24,0.0000e+00
54.000,7.6589,7.6600,3.454116,3.454344,1.2182,1.4546,0.0845,0.0775,84.72,53.538,0.390,33.5103,33.5118,2.6001,2.5715,1026.4008,1026.4018,1480.22,1480.22,0.0000e+00
55.000,7.6329,7.6325,3.452880,3.453046,1.2094,1.4438,0.0823,0.0765,99.54,54.529,0.639,33.5215,33.5238,2.5608,2.5424,1026.4179,1026.4197,1480.15,1480.15,0.0000e+00
56.000,7.6213,7.6207,3.452375,3.452581,1.2044,1.4364,0.0760,0.0897,72.99,55.520,0.663,33.5269,33.5297,2.5496,2.5276,1026.4283,1026.4307,1480.13,1480.13,0.0000e+00
57.000,7.6148,7.6156,3.452160,3.452411,1.1987,1.4302,0.0746,0.0831,99.31,56.512,0.379,33.5303,33.5322,2.5420,2.5174,1026.4365,1026.4380,1480.12,1480.13,0.0000e+00
58.000,7.6081,7.6079,3.451876,3.452120,1.1938,1.4256,0.0587,0.0873,97.14,57.503,0.640,33.5333,33.5361,2.5273,2.5065,1026.4444,1026.4466,1480.12,1480.12,0.0000e+00
59.000,7.6046,7.6042,3.451763,3.452011,1.1911,1.4206,0.0652,0.1027,75.48,58.494,0.687,33.5349,33.5380,2.5180,2.4948,1026.4508,1026.4533,1480.12,1480.12,0.0000e+00
60.000,7.6018,7.6027,3.451708,3.452020,1.1876,1.4194,0.0789,0.0888,99.07,59.486,0.430,33.5366,33.5390,2.5052,2.4870,1026.4571,1026.4589,1480.13,1480.14,0.0000e+00
61.000,7.5979,7.5977,3.451578,3.451860,1.1835,1.4079,0.0682,0.1255,98.68,60.477,0.772,33.5384,33.5417,2.4687,2.4378,1026.4637,1026.4663,1480.13,1480.14,0.0000e+00
62.000,7.5727,7.5713,3.450586,3.450743,1.1777,1.4018,0.0793,0.1058,79.77,61.468,0.651,33.5515,33.5546,2.4411,2.4259,1026.4822,1026.4848,1480.07,1480.07,0.0000e+00
63.000,7.5483,7.5476,3.449477,3.449705,1.1664,1.3873,0.2745,0.1954,81.75,62.459,0.472,33.5626,33.5658,2.4160,2.3976,1026.4990,1026.5016,1480.01,1480.01,0.0000e+00
64.000,7.5434,7.5433,3.449290,3.449552,1.1616,1.3824,0.1245,0.1227,82.65,63.451,0.584,33.5649,33.5678,2.4074,2.3890,1026.5060,1026.5083,1480.01,1480.01,0.0000e+00
65.000,7.5392,7.5387,3.449141,3.449407,1.1586,1.3784,0.0701,0.1050,96.97,64.442,0.446,33.5669,33.5703,2.4070,2.3782,1026.5128,1026.5155,1480.01,1480.01,0.0000e+00
66.000,7.5377,7.5376,3.449138,3.449405,1.1567,1.3728,0.0919,0.0945,81.33,65.433,0.925,33.5678,33.5708,2.3944,2.3591,1026.5183,1026.5206,1480.02,1480.02,0.0000e+00
67.000,7.5342,7.5340,3.449016,3.449290,1.1551,1.3709,0.0910,0.1039,98.90,66.424,0.967,33.5693,33.5726,2.3861,2.3574,1026.5246,1026.5272,1480.03,1480.03,0.0000e+00
68.000,7.5238,7.5238,3.448595,3.448872,1.1512,1.3669,0.0800,0.1104,86.87,67.416,0.578,33.5744,33.5774,2.3689,2.3467,1026.5347,1026.5370,1480.01,1480.01,0.0000e+00
69.000,7.5017,7.5030,3.447735,3.448052,1.1410,1.3489,0.0564,0.0969,81.12,68.407,0.743,33.5860,33.5881,2.2995,2.2667,1026.5515,1026.5530,1479.96,1479.96,0.0000e+00
70.000,7.4901,7.4901,3.447287,3.447558,1.1359,1.3424,0.0538,0.0997,99.05,69.398,0.964,33.5919,33.5949,2.2642,2.2384,1026.5624,1026.5647,1479.94,1479.94,0.0000e+00
71.000,7.4668,7.4669,3.446425,3.446633,1.1284,1.3293,0.0733,0.0973,98.85,70.389,0.822,33.6046,33.6068,2.2263,2.2039,1026.5803,1026.5820,1479.88,1479.88,0.0000e+00
72.000,7.4378,7.4381,3.445692,3.445924,1.1179,1.3162,0.0574,0.1148,79.88,71.381,0.527,33.6244,33.6266,2.1974,2.1814,1026.6045,1026.6063,1479.81,1479.81,0.0000e+00
73.000,7.4253,7.4255,3.445678,3.445944,1.1067,1.3023,0.1450,0.1307,68.92,72.372,0.448,33.6359,33.6386,2.1822,2.1540,1026.6199,1026.6220,1479.79,1479.79,0.0000e+00
74.000,7.4182,7.4183,3.445636,3.445899,1.1006,1.2956,0.0596,0.1086,63.59,73.363,0.561,33.6418,33.6446,2.1725,2.1522,1026.6301,1026.6324,1479.79,1479.79,0.0000e+00
75.000,7.4159,7.4158,3.446225,3.446497,1.0966,1.2927,0.0536,0.1189,92.25,74.354,0.374,33.6499,33.6530,2.1737,2.1517,1026.6415,1026.6439,1479.80,1479.81,0.0000e+00
76.000,7.4175,7.4171,3.447072,3.447376,1.0959,1.2961,0.0768,0.1129,81.38,75.345,0.446,33.6571,33.6608,2.2233,2.2100,1026.6515,1026.6544,1479.84,1479.84,0.0000e+00
77.000,7.4363,7.4358,3.449774,3.450215,1.1040,1.3170,0.0662,0.1087,70.97,76.337,0.767,33.6677,33.6730,2.3195,2.3231,1026.6617,1026.6659,1479.94,1479.94,0.0000e+00
78.000,7.4704,7.4705,3.454145,3.454670,1.1170,1.3441,0.0588,0.1112,93.97,77.328,0.742,33.6815,33.6870,2.4301,2.4273,1026.6722,1026.6766,1480.10,1480.11,0.0000e+00
79.000,7.5226,7.5193,3.460125,3.460575,1.1417,1.3812,0.0449,0.1065,95.61,78.319,0.608,33.6950,33.7031,2.5435,2.5121,1026.6799,1026.6867,1480.34,1480.33,0.0000e+00
80.000,7.5749,7.5767,3.467423,3.468042,1.1660,1.4066,0.0206,0.0938,90.22,79.310,0.380,33.7227,33.7276,2.5501,2.5122,1026.6987,1026.7023,1480.59,1480.60,0.0000e+00
81.000,7.5472,7.5483,3.465660,3.466281,1.1776,1.4136,0.0484,0.1004,98.27,80.301,0.482,33.7301,33.7357,2.5100,2.4900,1026.7131,1026.7174,1480.51,1480.52,0.0000e+00
82.000,7.5436,7.5445,3.467124,3.467609,1.1783,1.4105,0.0355,0.1062,91.69,81.293,0.717,33.7489,33.7533,2.4932,2.4725,1026.7330,1026.7363,1480.53,1480.54,0.0000e+00
83.000,7.5324,7.5326,3.466676,3.466991,1.1764,1.4079,0.0950,0.1539,98.77,82.284,0.711,33.7545,33.7577,2.4781,2.4634,1026.7435,1026.7460,1480.51,1480.52,0.0000e+00
84.000,7.5315,7.5313,3.467579,3.467965,1.1741,1.4019,0.0357,0.1322,92.50,83.275,0.366,33.7647,33.7690,2.4701,2.4475,1026.7563,1026.7597,1480.54,1480.54,0.0000e+00
85.000,7.5274,7.5269,3.468196,3.468514,1.1680,1.3905,0.0370,0.1340,99.29,84.266,0.591,33.7748,33.7788,2.4251,2.4043,1026.7694,1026.7726,1480.55,1480.56,0.0000e+00
86.000,7.5220,7.5216,3.468173,3.468487,1.1643,1.3858,0.0309,0.1791,96.31,85.257,0.992,33.7793,33.7831,2.4124,2.3953,1026.7783,1026.7813,1480.55,1480.56,0.0000e+00
87.000,7.5217,7.5216,3.468316,3.468634,1.1619,1.3824,0.0231,0.2217,96.88,86.248,1.040,33.7806,33.7843,2.4073,2.3908,1026.7840,1026.7868,1480.57,1480.57,0.0000e+00
88.000,7.5226,7.5226,3.468641,3.468988,1.1593,1.3799,0.0260,0.2368,98.69,87.240,0.679,33.7828,33.7866,2.4055,2.3900,1026.7902,1026.7931,1480.59,1480.60,0.0000e+00
89.000,7.5230,7.5232,3.468790,3.469180,1.1545,1.3757,0.0506,0.2284,98.86,88.231,0.876,33.7836,33.7876,2.4050,2.3844,1026.7953,1026.7984,1480.61,1480.62,0.0000e+00
90.000,7.5235,7.5234,3.468934,3.469285,1.1547,1.3751,0.0427,0.2552,98.85,89.222,0.968,33.7841,33.7881,2.4059,2.3832,1026.8002,1026.8033,1480.63,1480.63,0.0000e+00
91.000,7.5239,7.5238,3.469039,3.469362,1.1539,1.3744,0.0243,0.2815,98.85,90.213,0.660,33.7844,33.7881,2.4051,2.3826,1026.8049,1026.8078,1480.65,1480.65,0.0000e+00
92.000,7.5243,7.5242,3.469143,3.469464,1.1539,1.3738,0.0384,0.2839,98.85,91.204,0.499,33.7847,33.7883,2.4080,2.3822,1026.8097,1026.8125,1480.67,1480.67,0.0000e+00
93.000,7.5249,7.5247,3.469312,3.469626,1.1535,1.3735,0.0290,0.2760,98.85,92.195,0.601,33.7855,33.7891,2.4066,2.3849,1026.8147,1026.8176,1480.69,1480.69,0.0000e+00
94.000,7.5250,7.5249,3.469369,3.469696,1.1534,1.3741,0.0378,0.2671,98.85,93.186,0.399,33.7855,33.7891,2.4053,2.3840,1026.8193,1026.8222,1480.71,1480.71,0.0000e+00
95.000,7.5251,7.5249,3.469452,3.469770,1.1529,1.3735,0.0147,0.2514,97.89,94.177,0.632,33.7859,33.7894,2.4018,2.3824,1026.8242,1026.8270,1480.72,1480.72,0.0000e+00
96.000,7.5249,7.5248,3.469560,3.469869,1.1524,1.3734,0.0341,0.2685,92.60,95.169,0.538,33.7867,33.7901,2.4016,2.3842,1026.8294,1026.8321,1480.74,1480.74,0.0000e+00
97.000,7.5244,7.5244,3.469647,3.469956,1.1522,1.3735,0.0420,0.2660,99.14,96.160,0.433,33.7877,33.7910,2.4014,2.3820,1026.8348,1026.8374,1480.75,1480.76,0.0000e+00
98.000,7.5243,7.5242,3.469691,3.469999,1.1518,1.3723,0.0801,0.3420,98.86,97.151,0.617,33.7877,33.7911,2.4011,2.3795,1026.8395,1026.8422,1480.77,1480.77,0.0000e+00
99.000,7.5243,7.5241,3.469735,3.470049,1.1518,1.3722,0.0447,0.3064,94.01,98.142,0.627,33.7877,33.7913,2.4015,2.3801,1026.8441,1026.8469,1480.79,1480.79,0.0000e+00
100.000,7.5239,7.5237,3.469764,3.470073,1.1514,1.3717,0.0346,0.2756,98.75,99.133,0.577,33.7880,33.7915,2.4012,2.3778,1026.8489,1026.8517,1480.80,1480.80,0.0000e+00
101.000,7.5229,7.5227,3.469714,3.470094,1.1517,1.3709,0.0529,0.2732,98.85,100.124,0.353,33.7879,33.7922,2.4011,2.3765,1026.8536,1026.8569,1480.81,1480.82,0.0000e+00
102.000,7.5214,7.5214,3.469770,3.470090,1.1503,1.3701,0.0260,0.2614,98.85,101.115,0.357,33.7895,33.7930,2.3937,2.3739,1026.8596,1026.8624,1480.83,1480.83,0.0000e+00
103.000,7.5209,7.5210,3.469792,3.470110,1.1497,1.3684,0.0302,0.2832,98.85,102.106,0.623,33.7898,33.7931,2.3886,2.3632,1026.8644,1026.8671,1480.84,1480.85,0.0000e+00
104.000,7.5155,7.5161,3.469564,3.469892,1.1487,1.3657,0.0394,0.2660,98.85,103.097,0.884,33.7920,33.7950,2.3789,2.3527,1026.8716,1026.8738,1480.84,1480.84,0.0000e+00
105.000,7.5122,7.5121,3.469403,3.469714,1.1471,1.3634,0.0241,0.2784,98.85,104.088,0.989,33.7931,33.7965,2.3718,2.3467,1026.8775,1026.8801,1480.84,1480.85,0.0000e+00
106.000,7.5090,7.5090,3.469286,3.469584,1.1460,1.3610,0.0335,0.3123,98.86,105.080,0.856,33.7944,33.7976,2.3665,2.3423,1026.8835,1026.8861,1480.85,1480.85,0.0000e+00
107.000,7.5045,7.5044,3.469129,3.469422,1.1429,1.3585,0.0429,0.3052,98.86,106.071,0.442,33.7966,33.7999,2.3578,2.3395,1026.8905,1026.8931,1480.85,1480.86,0.0000e+00
108.000,7.5013,7.5014,3.469030,3.469336,1.1402,1.3559,0.0289,0.2638,98.85,107.062,0.739,33.7982,33.8014,2.3528,2.3332,1026.8967,1026.8993,1480.86,1480.86,0.0000e+00
109.000,7.5001,7.5000,3.469032,3.469323,1.1397,1.3549,0.0230,0.2680,98.85,108.053,0.956,33.7989,33.8021,2.3534,2.3307,1026.9020,1026.9046,1480.87,1480.87,0.0000e+00
110.000,7.4986,7.4987,3.468994,3.469308,1.1393,1.3541,0.0264,0.2718,98.86,109.044,0.988,33.7994,33.8027,2.3538,2.3277,1026.9073,1026.9098,1480.88,1480.89,0.0000e+00
111.000,7.4972,7.4968,3.468945,3.469214,1.1386,1.3525,0.0394,0.2722,98.85,110.035,1.055,33.7998,33.8031,2.3477,2.3221,1026.9124,1026.9150,1480.89,1480.90,0.0000e+00
112.000,7.4954,7.4945,3.468882,3.469103,1.1384,1.3510,0.0291,0.2754,98.86,111.026,1.221,33.8004,33.8037,2.3442,2.3180,1026.9177,1026.9204,1480.90,1480.91,0.0000e+00
113.000,7.4909,7.4901,3.468621,3.468838,1.1369,1.3501,0.0291,0.2701,98.85,112.017,1.397,33.8014,33.8046,2.3362,2.3158,1026.9236,1026.9263,1480.91,1480.91,0.0000e+00
114.000,7.4849,7.4845,3.468193,3.468446,1.1363,1.3492,0.0239,0.2747,98.86,113.008,1.511,33.8022,33.8053,2.3318,2.3129,1026.9297,1026.9322,1480.90,1480.90,0.0000e+00
115.000,7.4849,7.4847,3.468218,3.468510,1.1356,1.3481,0.0140,0.2755,98.86,113.999,1.524,33.8020,33.8053,2.3294,2.3087,1026.9341,1026.9368,1480.92,1480.92,0.0000e+00
116.000,7.4843,7.4843,3.468213,3.468514,1.1342,1.3466,0.0749,0.3709,98.86,114.990,1.400,33.8020,33.8053,2.3242,2.3041,1026.9388,1026.9414,1480.93,1480.93,0.0000e+00
117.000,7.4766,7.4770,3.467727,3.468006,1.1331,1.3446,0.0575,0.3001,98.85,115.981,1.102,33.8037,33.8064,2.3207,2.3000,1026.9458,1026.9479,1480.92,1480.92,0.0000e+00
118.000,7.4707,7.4706,3.467371,3.467639,1.1316,1.3428,0.0468,0.2452,98.86,116.972,0.631,33.8052,33.8082,2.3185,2.2985,1026.9524,1026.9548,1480.91,1480.92,0.0000e+00
119.000,7.4692,7.4691,3.467251,3.467532,1.1296,1.3407,0.0357,0.2248,98.86,117.963,0.483,33.8049,33.8080,2.3171,2.2959,1026.9570,1026.9595,1480.92,1480.93,0.0000e+00
120.000,7.4683,7.4683,3.467254,3.467536,1.1286,1.3396,0.0402,0.2606,98.85,118.954,0.909,33.8053,33.8084,2.3139,2.2921,1026.9620,1026.9644,1480.94,1480.94,0.0000e+00
121.000,7.4683,7.4682,3.467297,3.467601,1.1280,1.3385,0.0286,0.2886,98.86,119.945,1.141,33.8052,33.8086,2.3107,2.2873,1026.9665,1026.9692,1480.95,1480.96,0.0000e+00
122.000,7.4663,7.4665,3.467249,3.467552,1.1271,1.3373,0.0298,0.2709,98.86,120.936,1.180,33.8063,33.8093,2.3064,2.2827,1026.9722,1026.9746,1480.96,1480.97,0.0000e+00
123.000,7.4636,7.4634,3.467115,3.467405,1.1265,1.3358,0.0581,0.2596,98.86,121.927,1.188,33.8070,33.8102,2.3035,2.2788,1026.9777,1026.9803,1480.97,1480.97,0.0000e+00
124.000,7.4600,7.4599,3.466917,3.467185,1.1258,1.3341,0.0577,0.2507,98.86,122.918,1.258,33.8078,33.8108,2.3010,2.2754,1026.9835,1026.9858,1480.97,1480.98,0.0000e+00
125.000,7.4547,7.4545,3.466691,3.466962,1.1249,1.3335,0.0430,0.2473,98.85,123.909,1.346,33.8100,33.8132,2.2970,2.2755,1026.9905,1026.9931,1480.97,1480.98,0.0000e+00
126.000,7.4513,7.4514,3.466646,3.466952,1.1241,1.3327,0.0326,0.2542,98.86,124.900,1.373,33.8123,33.8156,2.2961,2.2741,1026.9974,1027.0000,1480.98,1480.98,0.0000e+00
127.000,7.4508,7.4507,3.466980,3.467269,1.1233,1.3321,0.0213,0.2582,98.86,125.891,1.283,33.8161,33.8193,2.2938,2.2727,1027.0050,1027.0075,1481.00,1481.00,0.0000e+00
128.000,7.4493,7.4491,3.467117,3.467400,1.1230,1.3307,0.0240,0.2644,98.85,126.882,1.082,33.8185,33.8218,2.2947,2.2694,1027.0117,1027.0143,1481.01,1481.02,0.0000e+00
129.000,7.4471,7.4471,3.467058,3.467326,1.1220,1.3298,0.0489,0.2674,98.86,127.873,0.879,33.8195,33.8224,2.2927,2.2677,1027.0174,1027.0196,1481.02,1481.03,0.0000e+00
130.000,7.4445,7.4447,3.466899,3.467199,1.1214,1.3288,0.0513,0.2542,98.86,128.864,0.859,33.8199,33.8229,2.2931,2.2668,1027.0226,1027.0250,1481.03,1481.03,0.0000e+00
131.000,7.4425,7.4424,3.466862,3.467149,1.1210,1.3281,0.0298,0.2750,98.86,129.855,0.845,33.8209,33.8241,2.2929,2.2673,1027.0283,1027.0308,1481.04,1481.04,0.0000e+00
132.000,7.4416,7.4416,3.466890,3.467191,1.1205,1.3281,0.0859,0.3075,98.86,130.845,0.632,33.8216,33.8248,2.2929,2.2702,1027.0335,1027.0361,1481.05,1481.06,0.0000e+00
133.000,7.4390,7.4389,3.466759,3.467064,1.1203,1.3285,0.0696,0.2788,98.85,131.836,0.685,33.8223,33.8256,2.2946,2.2714,1027.0390,1027.0417,1481.06,1481.06,0.0000e+00
134.000,7.4378,7.4377,3.466754,3.467029,1.1203,1.3286,0.0454,0.2455,98.86,132.827,1.063,33.8229,33.8259,2.2944,2.2679,1027.0442,1027.0466,1481.07,1481.08,0.0000e+00
135.000,7.4374,7.4373,3.466769,3.467062,1.1204,1.3279,0.0438,0.2580,98.85,133.818,1.362,33.8229,33.8262,2.2899,2.2614,1027.0489,1027.0515,1481.09,1481.09,0.0000e+00
136.000,7.4366,7.4369,3.466765,3.467081,1.1201,1.3266,0.0545,0.2695,98.85,134.809,1.548,33.8232,33.8264,2.2834,2.2542,1027.0538,1027.0562,1481.10,1481.11,0.0000e+00
137.000,7.4349,7.4346,3.466688,3.466976,1.1190,1.3245,0.0469,0.2833,98.85,135.800,1.619,33.8236,33.8269,2.2743,2.2458,1027.0589,1027.0616,1481.11,1481.11,0.0000e+00
138.000,7.4311,7.4291,3.466476,3.466528,1.1178,1.3229,0.0406,0.2997,98.86,136.791,1.559,33.8244,33.8270,2.2662,2.2412,1027.0647,1027.0670,1481.11,1481.11,0.0000e+00
139.000,7.4138,7.4154,3.464849,3.465241,1.1169,1.3208,0.0418,0.3105,98.86,137.782,1.347,33.8232,33.8259,2.2614,2.2369,1027.0708,1027.0727,1481.06,1481.07,0.0000e+00
140.000,7.4035,7.4043,3.463861,3.464181,1.1149,1.3187,0.0496,0.2688,98.85,138.773,0.986,33.8220,33.8247,2.2558,2.2362,1027.0760,1027.0779,1481.04,1481.04,0.0000e+00
141.000,7.3979,7.3973,3.463321,3.463514,1.1126,1.3170,0.0623,0.2274,98.86,139.764,0.681,33.8212,33.8239,2.2504,2.2343,1027.0807,1027.0829,1481.03,1481.03,0.0000e+00
142.000,7.3948,7.3926,3.463066,3.463084,1.1108,1.3144,0.0507,0.2234,98.86,140.755,0.795,33.8210,33.8232,2.2468,2.2274,1027.0855,1027.0876,1481.04,1481.03,0.0000e+00
143.000,7.3871,7.3846,3.462343,3.462351,1.1094,1.3135,0.0415,0.1975,98.86,141.745,0.941,33.8201,33.8226,2.2421,2.2234,1027.0905,1027.0928,1481.02,1481.02,0.0000e+00
144.000,7.3806,7.3809,3.461731,3.462016,1.1077,1.3103,0.0427,0.2090,98.86,142.736,0.990,33.8194,33.8222,2.2363,2.2209,1027.0954,1027.0976,1481.01,1481.02,0.0000e+00
145.000,7.3746,7.3749,3.461209,3.461488,1.1064,1.3113,0.0420,0.2108,38.60,143.727,0.960,33.8191,33.8218,2.2350,2.2240,1027.1006,1027.1027,1481.01,1481.01,0.0000e+00
146.000,7.3713,7.3715,3.461038,3.461336,1.1056,1.3104,0.0513,0.2670,97.63,144.718,0.888,33.8199,33.8230,2.2347,2.2207,1027.1064,1027.1087,1481.01,1481.01,0.0000e+00
147.000,7.3698,7.3697,3.461132,3.461437,1.1046,1.3072,0.0339,0.1852,27.84,145.709,0.904,33.8219,33.8254,2.2344,2.2115,1027.1127,1027.1154,1481.03,1481.03,0.0000e+00
148.000,7.3697,7.3702,3.461188,3.461554,1.1040,1.3062,0.0537,0.2225,98.82,146.700,0.976,33.8222,33.8257,2.2354,2.2145,1027.1175,1027.1202,1481.04,1481.05,0.0000e+00
149.000,7.3726,7.3728,3.461602,3.461917,1.1039,1.3103,0.0975,0.3340,35.04,147.691,1.075,33.8233,33.8265,2.2378,2.2257,1027.1226,1027.1251,1481.07,1481.07,0.0000e+00
150.000,7.3730,7.3728,3.461686,3.461941,1.1039,1.3061,0.0526,0.2002,34.96,148.682,1.192,33.8234,33.8264,2.2384,2.2119,1027.1271,1027.1295,1481.09,1481.09,0.0000e+00
151.000,7.3719,7.3721,3.461584,3.461909,1.1035,1.3053,0.2026,0.2339,77.29,149.672,1.315,33.8229,33.8262,2.2348,2.2106,1027.1314,1027.1341,1481.10,1481.10,0.0000e+00
152.000,7.3719,7.3720,3.461626,3.461951,1.1035,1.3054,0.1612,0.2261,99.28,150.663,1.410,33.8228,33.8263,2.2345,2.2129,1027.1360,1027.1387,1481.12,1481.12,0.0000e+00
153.000,7.3707,7.3710,3.461546,3.461857,1.1028,1.3097,0.0427,0.2001,98.86,151.654,1.410,33.8227,33.8258,2.2313,2.2286,1027.1406,1027.1430,1481.13,1481.13,0.0000e+00
154.000,7.3709,7.3710,3.461594,3.461919,1.1023,1.3048,0.0317,0.2215,39.84,152.645,1.272,33.8226,33.8259,2.2317,2.2138,1027.1451,1027.1477,1481.14,1481.15,0.0000e+00
155.000,7.3737,7.3729,3.461978,3.462189,1.1024,1.3069,0.0366,0.2197,75.36,153.636,0.947,33.8235,33.8266,2.2354,2.2189,1027.1499,1027.1525,1481.17,1481.17,0.0000e+00
156.000,7.3734,7.3733,3.461990,3.462269,1.1027,1.3063,0.0353,0.2187,77.38,154.627,0.579,33.8234,33.8265,2.2403,2.2172,1027.1545,1027.1570,1481.19,1481.19,0.0000e+00
157.000,7.3734,7.3736,3.462012,3.462349,1.1030,1.3065,0.0488,0.2019,78.63,155.617,0.691,33.8232,33.8266,2.2398,2.2203,1027.1589,1027.1616,1481.20,1481.21,0.0000e+00
158.000,7.3756,7.3760,3.462305,3.462683,1.1029,1.3078,0.0377,0.2029,56.93,156.608,0.829,33.8237,33.8275,2.2384,2.2202,1027.1636,1027.1665,1481.23,1481.23,0.0000e+00
159.000,7.3772,7.3770,3.462566,3.462860,1.1028,1.3052,0.0386,0.2537,41.01,157.599,0.928,33.8246,33.8279,2.2402,2.2155,1027.1686,1027.1712,1481.25,1481.26,0.0000e+00
160.000,7.3802,7.3802,3.462991,3.463336,1.1034,1.3057,0.0397,0.2203,84.99,158.590,1.112,33.8257,33.8294,2.2423,2.2185,1027.1736,1027.1766,1481.28,1481.29,0.0000e+00
161.000,7.3825,7.3825,3.463350,3.463661,1.1033,1.3100,0.0590,0.2053,57.51,159.580,1.313,33.8269,33.8302,2.2422,2.2338,1027.1788,1027.1814,1481.31,1481.31,0.0000e+00
162.000,7.3817,7.3813,3.463354,3.463616,1.1031,1.3051,0.0636,0.2060,34.85,160.571,1.449,33.8272,33.8304,2.2398,2.2175,1027.1837,1027.1863,1481.32,1481.32,0.0000e+00
163.000,7.3808,7.3807,3.463302,3.463598,1.1032,1.3076,0.0534,0.2415,63.63,161.562,1.489,33.8271,33.8303,2.2394,2.2235,1027.1884,1027.1909,1481.34,1481.34,0.0000e+00
164.000,7.3805,7.3810,3.463298,3.463663,1.1032,1.3078,0.0413,0.2185,98.76,162.553,1.408,33.8268,33.8304,2.2387,2.2221,1027.1927,1027.1955,1481.35,1481.36,0.0000e+00
165.000,7.3803,7.3801,3.463327,3.463621,1.1028,1.3088,0.0355,0.2204,98.86,163.544,1.215,33.8269,33.8303,2.2353,2.2252,1027.1974,1027.2001,1481.37,1481.37,0.0000e+00
166.000,7.3775,7.3781,3.463099,3.463474,1.1025,1.3049,0.0581,0.2821,37.57,164.535,1.005,33.8267,33.8301,2.2353,2.2126,1027.2022,1027.2048,1481.37,1481.38,0.0000e+00
167.000,7.3779,7.3784,3.463181,3.463538,1.1023,1.3068,0.0831,0.1978,97.41,165.525,0.900,33.8267,33.8301,2.2358,2.2178,1027.2068,1027.2093,1481.39,1481.40,0.0000e+00
168.000,7.3770,7.3776,3.463217,3.463518,1.1017,1.3059,0.0418,0.2142,66.76,166.516,0.820,33.8274,33.8302,2.2351,2.2114,1027.2120,1027.2141,1481.40,1481.41,0.0000e+00
169.000,7.3763,7.3772,3.463297,3.463605,1.1018,1.3023,0.0222,0.1971,64.08,167.507,0.572,33.8285,33.8310,2.2355,2.2074,1027.2176,1027.2194,1481.42,1481.43,0.0000e+00
170.000,7.3735,7.3735,3.463373,3.463683,1.1013,1.3046,0.0368,0.1932,53.73,168.498,0.672,33.8316,33.8350,2.2358,2.2194,1027.2249,1027.2276,1481.43,1481.43,0.0000e+00
171.000,7.3723,7.3724,3.463393,3.463690,1.1017,1.3028,0.0469,0.2131,69.36,169.488,1.138,33.8325,33.8357,2.2430,2.2195,1027.2303,1027.2329,1481.44,1481.44,0.0000e+00
172.000,7.3722,7.3721,3.463417,3.463728,1.1020,1.3044,0.0522,0.2420,99.54,170.479,1.416,33.8324,33.8358,2.2490,2.2285,1027.2349,1027.2376,1481.46,1481.46,0.0000e+00
173.000,7.3722,7.3720,3.463553,3.463868,1.1023,1.3103,0.0273,0.2088,98.86,171.470,1.538,33.8334,33.8370,2.2531,2.2494,1027.2402,1027.2431,1481.47,1481.48,0.0000e+00
174.000,7.3726,7.3726,3.463725,3.464043,1.1035,1.3082,0.0342,0.2062,66.34,172.461,1.552,33.8344,33.8379,2.2591,2.2418,1027.2455,1027.2483,1481.49,1481.50,0.0000e+00
175.000,7.3757,7.3755,3.464333,3.464629,1.1041,1.3086,0.0445,0.2014,39.31,173.451,1.483,33.8375,33.8408,2.2621,2.2413,1027.2521,1027.2548,1481.53,1481.53,0.0000e+00
176.000,7.3770,7.3769,3.464578,3.464867,1.1049,1.3132,0.0614,0.8321,98.53,174.442,1.342,33.8384,33.8417,2.2625,2.2494,1027.2572,1027.2598,1481.55,1481.55,0.0000e+00
177.000,7.3767,7.3765,3.464641,3.464925,1.1055,1.3132,0.0699,0.7070,98.86,175.433,1.156,33.8389,33.8422,2.2636,2.2453,1027.2622,1027.2648,1481.56,1481.57,0.0000e+00
178.000,7.3738,7.3745,3.464483,3.464838,1.1059,1.3114,0.0666,0.2094,54.47,176.423,0.987,33.8395,33.8426,2.2627,2.2356,1027.2677,1027.2700,1481.57,1481.58,0.0000e+00
179.000,7.3734,7.3734,3.464505,3.464804,1.1066,1.3108,0.0470,0.1979,88.53,177.414,0.776,33.8396,33.8429,2.2618,2.2369,1027.2724,1027.2749,1481.59,1481.59,0.0000e+00
180.000,7.3729,7.3729,3.464509,3.464810,1.1064,1.3121,0.0509,0.1895,58.38,178.405,0.573,33.8397,33.8430,2.2597,2.2420,1027.2771,1027.2797,1481.60,1481.60,0.0000e+00
181.000,7.3723,7.3723,3.464518,3.464814,1.1067,1.3123,0.0596,0.1816,97.34,179.396,0.602,33.8399,33.8432,2.2602,2.2411,1027.2819,1027.2845,1481.62,1481.62,0.0000e+00
182.000,7.3713,7.3713,3.464529,3.464815,1.1064,1.3112,0.0414,0.1787,67.15,180.386,0.945,33.8405,33.8436,2.2572,2.2351,1027.2871,1027.2895,1481.63,1481.63,0.0000e+00
183.000,7.3713,7.3713,3.464569,3.464860,1.1064,1.3101,0.0322,0.1848,72.13,181.377,1.333,33.8404,33.8437,2.2549,2.2263,1027.2916,1027.2942,1481.64,1481.65,0.0000e+00
184.000,7.3712,7.3711,3.464602,3.464908,1.1064,1.3122,0.0304,0.2097,99.18,182.368,1.596,33.8405,33.8439,2.2533,2.2307,1027.2962,1027.2989,1481.66,1481.66,0.0000e+00
185.000,7.3710,7.3708,3.464641,3.464922,1.1054,1.3068,0.0401,0.3058,76.84,183.358,1.725,33.8406,33.8439,2.2468,2.2159,1027.3009,1027.3035,1481.68,1481.68,0.0000e+00
186.000,7.3684,7.3681,3.464525,3.464774,1.1055,1.3059,0.0314,0.2593,91.55,184.349,1.736,33.8414,33.8444,2.2439,2.2147,1027.3065,1027.3089,1481.68,1481.69,0.0000e+00
187.000,7.3616,7.3617,3.464048,3.464320,1.1047,1.3045,0.0151,0.1880,30.73,185.340,1.631,33.8423,33.8452,2.2389,2.2105,1027.3128,1027.3150,1481.67,1481.68,0.0000e+00
188.000,7.3587,7.3584,3.463875,3.464127,1.1037,1.3050,0.0317,0.1959,78.53,186.330,1.385,33.8429,33.8459,2.2339,2.2153,1027.3182,1027.3206,1481.68,1481.68,0.0000e+00
189.000,7.3567,7.3556,3.463747,3.463948,1.1024,1.3039,0.0411,0.1913,76.12,187.321,0.965,33.8430,33.8462,2.2295,2.2129,1027.3231,1027.3258,1481.69,1481.69,0.0000e+00
190.000,7.3533,7.3531,3.463518,3.463788,1.1006,1.3018,0.0359,0.1710,84.47,188.312,0.528,33.8433,33.8464,2.2282,2.2108,1027.3284,1027.3309,1481.69,1481.70,0.0000e+00
191.000,7.3531,7.3530,3.463549,3.463842,1.0994,1.3002,0.0420,0.1615,57.82,189.302,0.753,33.8433,33.8466,2.2243,2.2013,1027.3330,1027.3356,1481.71,1481.71,0.0000e+00
192.000,7.3524,7.3527,3.463543,3.463856,1.0982,1.2979,0.0418,0.1661,98.86,190.293,0.992,33.8435,33.8465,2.2149,2.1920,1027.3378,1027.3402,1481.72,1481.73,0.0000e+00
193.000,7.3433,7.3439,3.462894,3.463196,1.0970,1.2960,0.0508,0.1769,88.93,191.284,0.996,33.8449,33.8476,2.2085,2.1910,1027.3448,1027.3469,1481.70,1481.71,0.0000e+00
194.000,7.3337,7.3314,3.462190,3.462234,1.0950,1.2945,0.0474,0.1730,48.65,192.274,0.986,33.8460,33.8488,2.2041,2.1880,1027.3517,1027.3542,1481.69,1481.68,0.0000e+00
195.000,7.3247,7.3260,3.461504,3.461878,1.0941,1.2935,0.0407,0.1572,99.47,193.265,1.092,33.8469,33.8498,2.2083,2.1898,1027.3583,1027.3603,1481.67,1481.68,0.0000e+00
196.000,7.3287,7.3285,3.461830,3.462128,1.0939,1.2921,0.0433,0.1556,90.65,194.256,1.179,33.8461,33.8495,2.2119,2.1896,1027.3616,1027.3643,1481.70,1481.70,0.0000e+00
197.000,7.3310,7.3320,3.462059,3.462424,1.0937,1.2938,0.0540,0.1799,87.59,195.246,1.127,33.8459,33.8489,2.2122,2.1929,1027.3657,1027.3679,1481.72,1481.73,0.0000e+00
198.000,7.3321,7.3322,3.462176,3.462494,1.0936,1.2929,0.0428,0.1703,87.00,196.237,1.042,33.8456,33.8490,2.2106,2.1892,1027.3699,1027.3725,1481.75,1481.75,0.0000e+00
199.000,7.3326,7.3325,3.462278,3.462558,1.0928,1.2909,0.0335,0.1861,86.22,197.227,1.042,33.8457,33.8488,2.2064,2.1847,1027.3744,1027.3769,1481.76,1481.77,0.0000e+00
200.000,7.3338,7.3341,3.462410,3.462737,1.0926,1.2916,0.0306,0.1833,96.18,198.218,1.047,33.8455,33.8487,2.2056,2.1897,1027.3787,1027.3812,1481.79,1481.79,0.0000e+00
201.000,7.3325,7.3317,3.462382,3.462578,1.0918,1.2919,0.0371,0.1698,80.84,199.209,0.992,33.8459,33.8489,2.2033,2.1926,1027.3838,1027.3862,1481.80,1481.80,0.0000e+00
202.000,7.3223,7.3223,3.461676,3.461943,1.0914,1.2923,0.1296,0.2241,74.50,200.199,0.807,33.8478,33.8507,2.2037,2.1880,1027.3913,1027.3935,1481.78,1481.78,0.0000e+00
203.000,7.3163,7.3194,3.461207,3.461756,1.0902,1.2907,0.0863,0.1946,111.06,201.190,0.035,33.8480,33.8510,2.2023,2.1874,1027.3969,1027.3988,1481.77,1481.79,0.0000e+00
