"o2_at_gear_ml_per_l_der","salinity_at_gear_psu_der","temperature_at_gear_c_der","trawl_id","year"
"0.4900","34.4530","3.1070","202203010001","2022"
"0.4660","34.4770","3.0760","202203020001","2022"
"0.3160","34.4260","3.5010","202203020002","2022"
"0.3830","34.4530","3.2690","202203020003","2022"
"0.2650","34.2500","4.5420","202203020004","2022"
"0.4560","34.4100","3.1160","202203010002","2022"
"0.3520","34.4460","3.3260","202203020005","2022"
"1.5120","34.0090","6.3640","202203020006","2022"
"0.8390","34.0830","5.4520","202203020008","2022"
"0.9590","34.0650","5.7490","202203020007","2022"
"0.7230","34.1040","5.0950","202203020011","2022"
"0.3060","34.2650","4.2500","202203020012","2022"
"1.3550","34.0040","6.3740","202203020009","2022"
"1.5440","33.9530","6.9370","202203020010","2022"
"0.3020","34.4250","3.3310","202203020013","2022"
"0.2370","34.2750","4.1890","202203020014","2022"
"2.0160","33.8860","6.9530","202203020015","2022"
"","","6.0599","202203020018","2022"
"2.4620","33.5360","7.4560","202203020019","2022"
"2.4540","33.6670","7.4110","202203020020","2022"
"1.4120","33.9970","5.9310","202203020016","2022"
"2.2640","33.6800","7.4240","202203020021","2022"
"1.4340","33.9520","6.9290","202203020024","2022"
"1.4890","33.9270","7.0310","202203020023","2022"
"1.4180","33.8580","7.2240","202203020022","2022"
"1.1100","33.9540","7.1630","202203020025","2022"
"1.6220","33.9850","6.7620","202203020027","2022"
"1.6880","33.9510","7.1410","202203020026","2022"
"0.7440","34.0930","5.4750","202203020031","2022"
"1.1950","34.0380","5.9830","202203020028","2022"
"1.0180","33.9570","7.2260","202203020029","2022"
"1.2560","34.0020","6.6260","202203020030","2022"
"0.6850","34.1100","5.3510","202203020032","2022"
"0.2500","34.2660","4.4840","202203020033","2022"
"0.2080","34.3230","4.1810","202203020034","2022"
"0.6060","34.1260","5.2320","202203020036","2022"
"1.0450","33.9940","6.8470","202203020037","2022"
"0.6730","34.1110","5.3950","202203020035","2022"
"1.0380","33.9830","6.9570","202203020038","2022"
"0.9270","33.9890","6.9340","202203020039","2022"
"0.9970","34.0620","5.8500","202203020040","2022"
"1.1150","33.9960","6.8140","202203020041","2022"
"1.5550","33.8290","7.8400","202203020042","2022"
"0.2140","34.3440","4.0870","202203010003","2022"
"0.6190","34.1330","5.2020","202203010004","2022"
"0.7540","34.0900","5.5540","202203010005","2022"
"1.5130","33.8150","7.8250","202203010006","2022"
"1.0260","33.9160","7.5860","202203010007","2022"
"0.9910","34.0740","5.8200","202203020043","2022"
"0.8080","34.0760","5.5240","202203020044","2022"
"0.6670","34.1330","5.2980","202203020045","2022"
"1.2240","34.0400","6.1720","202203020046","2022"
"1.7360","33.8620","7.5720","202203020047","2022"
"1.4890","33.9860","6.8000","202203010011","2022"
"1.3770","34.0030","6.6110","202203010012","2022"
"0.2430","34.3860","3.6720","202203010013","2022"
"1.3540","33.9190","7.4560","202203010008","2022"
"1.2810","33.9870","6.7610","202203010009","2022"
"1.2450","33.9900","6.7390","202203010010","2022"
"0.3340","34.4410","3.4040","202203020048","2022"
"1.7290","33.9690","6.8040","202203020049","2022"
"1.5010","33.8830","7.4420","202203020050","2022"
"1.2930","33.9270","7.2950","202203020051","2022"
"1.3520","33.8970","7.4900","202203020052","2022"
"1.7280","33.8030","7.7460","202203020053","2022"
"1.4020","33.8350","7.7280","202203020054","2022"
"1.7280","33.8550","7.5280","202203020055","2022"
"0.2230","34.3440","4.1770","202203020056","2022"
"1.7430","33.9160","7.2310","202203020057","2022"
"1.0050","34.0980","6.3710","202203020058","2022"
"1.7590","33.9470","7.1350","202203020059","2022"
"1.3490","33.9120","7.3660","202203010016","2022"
"1.3190","33.8700","7.6910","202203010017","2022"
"1.0690","33.9320","7.2660","202203010018","2022"
"1.3790","34.0160","6.3540","202203010015","2022"
"0.9120","33.9230","7.5140","202203020060","2022"
"1.3040","33.9560","7.1500","202203020062","2022"
"1.1580","33.9730","7.2420","202203020065","2022"
"1.3410","33.9460","7.2750","202203020064","2022"
"1.6620","33.9440","7.1770","202203020061","2022"
"1.0980","34.0570","5.9400","202203010014","2022"
"1.2110","34.0400","6.7930","202203020063","2022"
"1.0170","34.0880","6.0420","202203010019","2022"
"0.8740","34.1070","5.8310","202203010020","2022"
"1.7070","33.9320","7.1420","202203010021","2022"
"1.0910","33.9460","7.2220","202203010022","2022"
"1.1520","33.9470","7.1850","202203010023","2022"
"1.4140","33.9360","7.1570","202203010024","2022"
"1.0230","34.0960","6.2900","202203010025","2022"
"1.2510","34.0080","7.1810","202203020066","2022"
"1.2870","34.0490","6.9440","202203020067","2022"
"0.4040","34.4550","3.3820","202203020068","2022"
"0.8960","34.1200","6.2310","202203020069","2022"
"1.8460","33.7840","7.9020","202203020070","2022"
"0.9000","33.9110","7.6640","202203010026","2022"
"1.0290","34.0960","6.5190","202203010027","2022"
"1.1650","33.9360","7.4500","202203010028","2022"
"0.4400","34.4640","3.3380","202203020071","2022"
"1.5170","34.0300","6.6970","202203020072","2022"
"1.3930","34.0080","7.2190","202203020073","2022"
"1.6430","33.9640","7.5050","202203020074","2022"
"1.4110","34.0420","6.5410","202203020075","2022"
"0.4720","34.2070","5.5590","202203020076","2022"
"0.3420","34.4290","3.6530","202203020077","2022"
"0.9600","34.1100","6.1910","202203020079","2022"
"1.7030","33.9770","7.5200","202203020080","2022"
"2.3470","33.8800","7.9100","202203020078","2022"
"0.4410","34.2120","5.5000","202203010030","2022"
"0.4490","34.2090","5.5030","202203010031","2022"
"1.3660","34.0390","6.9100","202203010033","2022"
"1.5110","34.0270","6.7180","202203010034","2022"
"0.2440","34.2800","4.5990","202203020081","2022"
"0.2290","34.2970","4.5110","202203020082","2022"
"1.2000","34.0750","6.4060","202203020083","2022"
"0.3910","34.4510","3.4300","202203010029","2022"
"0.9310","34.1090","6.4260","202203010032","2022"
"1.7120","33.9690","7.5610","202203010037","2022"
"0.5090","34.1950","5.3910","202203010038","2022"
"1.7640","33.9730","7.4610","202203010036","2022"
"1.8010","33.9840","7.3670","202203020084","2022"
"0.2360","34.3880","4.0610","202203020086","2022"
"0.2510","34.3910","3.9770","202203020085","2022"
"0.6180","34.1740","5.6270","202203010035","2022"
"0.2670","34.3830","4.1040","202203010039","2022"
"0.2800","34.4080","3.7940","202203010040","2022"
"1.5520","34.0480","6.9590","202203010041","2022"
"1.9370","33.9150","7.7950","202203010042","2022"
"1.3300","34.0690","6.6680","202203010043","2022"
"1.5290","34.0230","7.2790","202203010044","2022"
"0.4970","34.4750","3.2220","202203020087","2022"
"0.4810","34.4740","3.1920","202203020089","2022"
"0.3410","34.4340","3.6910","202203020088","2022"
"0.2590","34.3880","4.1430","202203020090","2022"
"1.8190","34.0000","7.3300","202203010045","2022"
"0.3970","34.4500","3.4730","202203010046","2022"
"1.3670","34.0690","7.0220","202203020091","2022"
"2.6460","33.8700","7.9360","202203020092","2022"
"2.0140","33.9390","7.6970","202203010047","2022"
"0.4190","34.4650","3.4840","202203010048","2022"
"1.0080","34.1320","6.8590","202203010049","2022"
"","","7.1407","202203020093","2022"
"1.0250","34.1100","6.3940","202203020094","2022"
"2.0930","33.9430","7.7290","202203020095","2022"
"2.8760","33.8100","8.3100","202203020096","2022"
"0.4030","34.2270","5.1420","202203010050","2022"
"0.8800","34.1600","6.7650","202203010052","2022"
"0.2590","34.3980","4.1150","202203010053","2022"
"2.1160","34.0030","8.0880","202203010054","2022"
"2.4420","33.9360","8.0940","202203020098","2022"
"2.5920","33.9120","8.1960","202203020097","2022"
"4.9450","32.9010","9.3560","202203020099","2022"
"1.9590","34.0080","7.9860","202203020100","2022"
"2.1980","33.9890","8.0600","202203010051","2022"
"2.1690","34.0430","8.0660","202203010058","2022"
"1.8350","34.0590","7.9670","202203010059","2022"
"2.4330","34.0450","8.1510","202203010057","2022"
"","","6.4080","202203020101","2022"
"","","8.4192","202203020103","2022"
"","","7.7371","202203020105","2022"
"2.7880","33.8720","8.7760","202203020102","2022"
"2.9590","34.0110","8.3940","202203020104","2022"
"2.0910","34.0210","8.1310","202203010056","2022"
"2.2090","33.9940","8.2460","202203010055","2022"
"2.2090","33.9940","8.2460","202203010060","2022"
"2.0910","34.0210","8.1310","202203010061","2022"
"2.4330","34.0450","8.1510","202203010062","2022"
"2.1690","34.0430","8.0660","202203010063","2022"
"1.8350","34.0590","7.9670","202203010064","2022"
"2.6990","34.0220","8.4670","202203010065","2022"
"2.4754","34.0188","8.4314","202203010066","2022"
"1.2250","34.0870","8.6110","202203020110","2022"
"","","8.3071","202203020108","2022"
"3.5090","33.9580","8.8830","202203020107","2022"
"1.0920","34.1220","7.8510","202203020106","2022"
"2.4310","34.0160","8.3460","202203020109","2022"
"1.3560","34.1000","8.6750","202203010068","2022"
"1.5710","34.0730","8.8260","202203010069","2022"
"1.8020","34.0480","8.9680","202203010070","2022"
"0.6840","34.2330","7.1540","202203010067","2022"
"1.3820","34.1140","8.4430","202203020112","2022"
"","","","202203020111","2022"
"0.8980","34.1730","7.2130","202203020115","2022"
"0.4940","34.2280","6.4140","202203020116","2022"
"0.6020","34.2090","6.6060","202203020114","2022"
"1.7740","34.0490","8.8970","202203020113","2022"
"2.1870","34.0470","9.2300","202203010071","2022"
"1.7750","34.0650","8.9470","202203010072","2022"
"0.2750","34.3850","4.7610","202203010073","2022"
"1.5000","34.1390","8.8620","202203010075","2022"
"2.4330","34.0260","9.3180","202203020117","2022"
"0.2430","34.3570","4.9740","202203020118","2022"
"3.1980","33.9940","9.6050","202203010074","2022"
"0.2690","34.4070","4.6850","202203010077","2022"
"2.2620","34.0500","9.4350","202203010076","2022"
"0.2380","34.3600","5.1100","202203020120","2022"
"0.3890","34.4490","4.0760","202203020121","2022"
"2.7540","33.9740","9.4910","202203020119","2022"
"0.2700","34.3840","5.1760","202203010078","2022"
"0.2650","34.3710","5.3400","202203010079","2022"
"0.2730","34.3680","5.4190","202203010080","2022"
"1.7700","34.0980","9.3480","202203020122","2022"
"0.6420","34.2340","7.2340","202203020123","2022"
"0.3610","34.4460","4.0910","202203020124","2022"
"0.4900","34.4730","3.9020","202203020125","2022"
"0.6030","34.4950","3.5580","202203020126","2022"
"0.6500","34.2450","7.2560","202203010081","2022"
"0.2590","34.3580","5.4940","202203010082","2022"
"0.2670","34.3920","5.1710","202203010083","2022"
"0.3840","34.2940","6.2730","202203010084","2022"
"0.3900","34.2510","7.1490","202203010085","2022"
"0.6760","34.2290","7.4600","202203020127","2022"
"1.0310","34.2010","8.2890","202203020128","2022"
"0.3080","34.2870","6.2620","202203020129","2022"
"0.3330","34.2810","6.5320","202203020130","2022"
"0.6110","34.1900","7.5310","202203020131","2022"
"1.8700","33.9770","9.5360","202203020132","2022"
"0.3100","34.2420","7.0690","202203010086","2022"
"1.0130","34.2290","8.3860","202203010087","2022"
"0.6640","34.2390","7.2670","202203010088","2022"
"2.5840","33.7920","10.3130","202203020133","2022"
"1.3380","34.1080","8.8170","202203020134","2022"
"1.4730","34.0770","8.9610","202203020135","2022"
"1.2310","34.1960","8.8720","202203010089","2022"
"2.9080","33.8540","10.1180","202203010090","2022"
"2.9800","33.8410","10.5250","202203010091","2022"
"2.5960","33.9310","9.8380","202203010092","2022"
"1.5020","34.1930","9.0620","202203010093","2022"
"1.0970","34.2030","9.0010","202203010094","2022"
"","","8.7524","202203020138","2022"
"","","","202203020139","2022"
"","","4.2344","202203020140","2022"
"0.4980","34.2610","6.9780","202203020137","2022"
"0.2510","34.3320","5.5220","202203020136","2022"
"0.0600","34.2480","6.5850","202203010096","2022"
"0.1740","34.2410","6.8350","202203010097","2022"
"0.6460","34.1970","8.2940","202203010098","2022"
"1.2020","33.9710","9.8650","202203010099","2022"
"0.2950","34.2910","6.4830","202203020143","2022"
"0.2360","34.3870","5.1430","202203020142","2022"
"0.3210","33.5590","7.0790","202203020144","2022"
"2.9560","33.8470","9.8920","202203020145","2022"
"2.6750","33.9400","9.7870","202203010095","2022"
"2.9060","33.8100","10.1490","202203020141","2022"
"2.6450","33.9800","9.4420","202203010104","2022"
"2.7160","33.9610","9.4720","202203010101","2022"
"0.2440","34.3630","5.5410","202203010102","2022"
"2.7460","33.9520","9.5340","202203010103","2022"
"1.9300","34.1160","8.9110","202203010100","2022"
"2.7580","33.8990","9.7380","202203020146","2022"
"0.6870","34.2650","7.7800","202203020147","2022"
"0.4950","34.4790","3.9460","202203020148","2022"
"0.6980","34.5140","3.4490","202203020149","2022"
"2.8550","33.8810","9.8080","202203010105","2022"
"2.3385","33.8815","9.8445","202203010107","2022"
"2.6480","33.9255","9.7725","202203010108","2022"
"1.6880","34.1590","8.9480","202203010109","2022"
"2.6070","33.9780","9.4575","202203010106","2022"
"0.2190","34.4620","4.2910","202203020150","2022"
"0.2180","34.4600","4.3320","202203020151","2022"
"0.4520","34.2380","7.3380","202203020152","2022"
"2.4580","33.9100","9.6340","202203020153","2022"
"0.2940","34.2170","7.1050","202203020154","2022"
"2.7720","33.9080","9.8160","202203010110","2022"
"0.0590","34.1730","6.6640","202203020157","2022"
"2.8500","33.8390","10.0720","202203020155","2022"
"0.5330","34.1620","7.7000","202203020156","2022"
"1.4000","34.1290","9.0720","202203020158","2022"
"0.4520","34.1670","7.4970","202203020159","2022"
"2.0180","34.1040","9.2110","202203010111","2022"
"2.7870","33.8720","9.8960","202203020161","2022"
"2.7380","33.8910","9.8580","202203020162","2022"
"1.3090","34.2090","8.8910","202203020163","2022"
"0.2920","34.3120","6.5650","202203020164","2022"
"2.6790","33.8740","9.9390","202203020165","2022"
"2.3130","34.0300","9.4580","202203020160","2022"
"0.0410","34.3930","5.2360","202203020166","2022"
"0.0400","34.3770","5.2380","202203020167","2022"
"0.0420","34.3880","5.2270","202203020168","2022"
"0.1890","34.3440","5.9710","202203020169","2022"
"2.1440","34.0890","9.2620","202203020170","2022"
"0.3950","34.2840","6.9610","202203020171","2022"
"0.3250","34.2980","6.6940","202203020172","2022"
"0.3080","34.3170","6.4310","202203010112","2022"
"0.8940","34.2940","9.1870","202203020175","2022"
"0.9800","34.2840","9.1640","202203020174","2022"
"0.2560","34.3990","4.8770","202203020173","2022"
"0.3320","34.3090","6.7010","202203010113","2022"
"0.4780","34.3220","7.9470","202203010114","2022"
"1.1430","34.2690","9.2830","202203010115","2022"
"0.5440","34.2250","8.2070","202203020176","2022"
"0.5890","34.3400","8.7020","202203020177","2022"
"2.7360","33.9140","9.7350","202203010116","2022"
"2.9510","33.6870","9.9840","202203020178","2022"
"0.7125","34.2715","4.5120","202203008001","2022"
"0.1715","33.7575","3.7710","202203017001","2022"
"1.4565","34.0165","6.7635","202203008002","2022"
"0.1870","34.2435","4.1950","202203008004","2022"
"0.1710","34.2260","4.1220","202203008006","2022"
"0.2090","34.2960","4.2120","202203008005","2022"
"1.1730","33.8670","7.7280","202203017002","2022"
"1.6710","33.9710","7.2290","202203017003","2022"
"0.8110","33.8490","7.7030","202203017004","2022"
"0.2745","34.3755","3.4925","202203008003","2022"
"1.1230","33.9540","7.1510","202203008007","2022"
"1.1310","33.9070","7.5060","202203008008","2022"
"1.2950","33.9910","6.7370","202203008009","2022"
"1.5550","33.9020","7.1420","202203008010","2022"
"1.5030","33.9830","7.1040","202203017005","2022"
"0.2730","34.3900","3.5580","202203017006","2022"
"1.5340","34.1440","5.2840","202203017007","2022"
"1.1780","33.8200","7.7870","202203017009","2022"
"1.1740","34.0490","6.3100","202203017008","2022"
"1.4040","33.8440","7.5820","202203008012","2022"
"1.3940","33.9820","6.8520","202203008013","2022"
"0.2810","34.2420","4.3950","202203008015","2022"
"1.2930","33.9490","6.9380","202203008011","2022"
"0.6500","34.1240","5.2600","202203017011","2022"
"0.2000","34.3280","3.9330","202203017012","2022"
"0.2210","34.3660","3.6390","202203017013","2022"
"0.2170","34.3710","3.6690","202203017014","2022"
"1.0560","33.9410","7.2550","202203017010","2022"
"0.2120","34.3140","4.0080","202203008014","2022"
"1.0980","33.9340","7.3260","202203008016","2022"
"1.1930","33.9440","7.2590","202203008017","2022"
"0.9280","34.0800","5.9210","202203008018","2022"
"1.2990","33.9450","7.2630","202203008019","2022"
"1.1020","33.9450","7.2480","202203008020","2022"
"0.8580","33.9270","7.3430","202203017015","2022"
"0.4850","33.8610","7.4450","202203017017","2022"
"0.4180","33.8560","7.4710","202203017016","2022"
"0.5260","33.8480","7.4170","202203017018","2022"
"0.7170","33.9150","7.4020","202203008021","2022"
"1.0730","33.9430","7.2760","202203008022","2022"
"0.6090","33.8930","7.5080","202203008023","2022"
"0.8510","33.7490","7.4970","202203017019","2022"
"0.2820","33.8200","7.4920","202203017020","2022"
"0.4670","33.6690","7.5380","202203017021","2022"
"0.1240","33.6930","7.6050","202203017022","2022"
"0.9990","33.8710","7.5970","202203017023","2022"
"0.7070","33.9030","7.5310","202203017024","2022"
"1.2590","33.9380","7.3020","202203008024","2022"
"0.8330","33.8490","7.6910","202203008025","2022"
"0.1950","34.1220","3.7640","202203008027","2022"
"0.4510","33.8700","7.6230","202203008026","2022"
"","","7.5813","202203017027","2022"
"0.9120","33.8130","7.6730","202203017025","2022"
"0.9060","33.8310","7.6840","202203017026","2022"
"0.2510","34.2550","3.5290","202203008028","2022"
"0.3820","34.0590","4.8750","202203008029","2022"
"0.5970","34.0050","5.3230","202203008030","2022"
"1.0460","33.7660","7.8040","202203008031","2022"
"0.2440","33.8660","7.5720","202203008032","2022"
"0.8350","33.6550","8.0120","202203008033","2022"
"0.6240","33.7060","7.8950","202203017028","2022"
"0.4480","33.8850","7.5670","202203017029","2022"
"1.2720","33.9280","7.4960","202203017030","2022"
"0.5310","33.7390","8.0070","202203017031","2022"
"1.1250","33.8410","7.7250","202203017033","2022"
"0.8890","33.7880","7.8460","202203017032","2022"
"0.5310","33.9065","7.5280","202203008036","2022"
"0.8190","33.9250","7.4835","202203008034","2022"
"0.5720","33.9130","7.5170","202203008037","2022"
"1.0850","33.9200","7.5320","202203008038","2022"
"1.5800","33.9450","7.4790","202203008039","2022"
"0.2690","34.2580","4.5870","202203008040","2022"
"0.2515","33.8670","7.6080","202203008035","2022"
"","","4.4607","202203017034","2022"
"","","5.9143","202203017035","2022"
"","","6.2661","202203017036","2022"
"","","5.8175","202203017037","2022"
"","","6.4631","202203017038","2022"
"0.2120","34.2910","4.3110","202203008041","2022"
"0.6890","34.0930","5.5660","202203008042","2022"
"0.9500","34.0790","6.0130","202203008043","2022"
"1.2420","34.0500","6.4690","202203008044","2022"
"1.3720","33.9730","7.4250","202203008046","2022"
"0.7610","34.1120","5.6030","202203017041","2022"
"1.7270","33.9360","7.8340","202203017042","2022"
"1.4480","34.0310","6.8720","202203017040","2022"
"1.1870","34.0470","6.4330","202203008045","2022"
"0.9470","34.0790","5.9560","202203017039","2022"
"0.9700","33.8040","7.8360","202203008047","2022"
"0.8600","33.8960","7.6410","202203008049","2022"
"1.3380","33.8740","7.7480","202203008050","2022"
"1.6030","33.8370","7.8300","202203008051","2022"
"0.9660","33.8780","7.6970","202203008048","2022"
"1.8430","33.7430","8.3700","202203017043","2022"
"1.7600","33.8330","7.8480","202203008052","2022"
"1.5320","33.9780","7.6085","202203008053","2022"
"1.6220","33.9550","7.8270","202203008055","2022"
"1.2100","34.0600","6.5455","202203008054","2022"
"0.5915","34.1465","5.3430","202203017044","2022"
"1.7595","33.9060","7.9450","202203017046","2022"
"1.5110","33.8570","8.1230","202203017047","2022"
"1.4510","33.8740","8.1090","202203017048","2022"
"1.5205","33.9895","7.5760","202203017045","2022"
"","","8.0752","202203008056","2022"
"","","8.0609","202203008057","2022"
"","","7.9954","202203008058","2022"
"","","6.2977","202203008060","2022"
"","","7.7837","202203008061","2022"
"1.0900","34.0820","6.7030","202203017049","2022"
"1.2420","33.9990","7.6880","202203017050","2022"
"1.5370","33.9300","8.1110","202203017051","2022"
"1.9620","33.9050","8.2230","202203017052","2022"
"1.9390","33.8830","8.2050","202203017053","2022"
"","","13.5448","202203008059","2022"
"1.7810","33.8620","8.2420","202203008062","2022"
"2.0220","33.8950","8.2270","202203008063","2022"
"1.2310","34.0690","6.7230","202203008064","2022"
"1.4550","34.0310","7.5460","202203008065","2022"
"0.4610","34.4770","3.1960","202203008067","2022"
"1.8660","33.8860","8.2210","202203017054","2022"
"1.6340","33.9290","8.1660","202203017055","2022"
"1.7000","33.9180","8.1970","202203017056","2022"
"2.0270","33.8550","8.4060","202203017059","2022"
"1.8760","33.8880","8.3260","202203017060","2022"
"1.9550","33.8650","8.3630","202203017058","2022"
"0.4980","34.4870","3.0890","202203008066","2022"
"1.7810","33.8800","8.2570","202203017057","2022"
"2.1120","33.8390","8.4530","202203008068","2022"
"1.6650","33.9530","8.0500","202203008069","2022"
"0.4680","34.1910","5.3660","202203008071","2022"
"0.4220","34.4670","3.2980","202203008072","2022"
"0.7860","34.1310","6.0310","202203008070","2022"
"0.3490","34.4430","3.4640","202203017061","2022"
"0.6440","34.1540","5.7620","202203017062","2022"
"1.5820","34.0310","7.4330","202203017063","2022"
"2.2130","33.9050","8.3750","202203017064","2022"
"0.2670","34.4120","3.7460","202203008073","2022"
"0.2400","34.4060","3.8120","202203008074","2022"
"1.7550","33.9640","8.0240","202203008075","2022"
"2.1620","33.9250","8.2260","202203008077","2022"
"2.8050","33.7250","8.9060","202203017070","2022"
"0.3940","34.4560","3.3850","202203017065","2022"
"0.8490","34.1310","6.1880","202203017067","2022"
"3.0490","33.7390","8.7760","202203017068","2022"
"3.3960","33.6590","9.0060","202203017069","2022"
"2.1200","33.8860","8.4060","202203008076","2022"
"0.3220","34.2460","4.8620","202203017066","2022"
"","","9.1085","202203008082","2022"
"1.1510","34.0900","6.5880","202203008078","2022"
"1.3980","34.0630","6.9030","202203008079","2022"
"1.7160","34.0290","7.3610","202203008080","2022"
"2.5290","33.7890","8.7950","202203008081","2022"
"2.1600","33.8590","8.6610","202203008083","2022"
"2.2740","33.8490","8.7120","202203017074","2022"
"0.3460","34.4430","3.5940","202203017071","2022"
"0.2520","34.2670","4.8550","202203017073","2022"
"5.9070","32.8840","9.9000","202203017072","2022"
"2.2670","33.8140","8.8150","202203008084","2022"
"1.3790","34.0320","8.2240","202203008086","2022"
"1.6690","33.9560","8.5190","202203008087","2022"
"1.5220","34.0430","7.3870","202203008088","2022"
"4.7440","33.3300","9.9730","202203017075","2022"
"2.5240","33.8200","8.8250","202203017076","2022"
"2.3030","33.8600","8.7410","202203017077","2022"
"1.2030","34.0780","6.7120","202203017078","2022"
"0.2110","34.3750","4.1380","202203017079","2022"
"2.2660","33.8050","8.8210","202203008085","2022"
"0.5180","34.1750","5.4450","202203008090","2022"
"1.7250","34.0070","8.2510","202203008091","2022"
"0.2820","34.4220","3.7860","202203008089","2022"
"0.2940","34.4270","3.7550","202203008093","2022"
"","","8.2913","202203017080","2022"
"","","3.4812","202203017081","2022"
"1.8700","33.9840","8.4090","202203017082","2022"
"4.1630","33.4610","9.8870","202203017083","2022"
"0.4220","34.1990","5.1890","202203008092","2022"
"","","5.6805","202203008095","2022"
"","","4.5334","202203008096","2022"
"","","3.1748","202203008094","2022"
"0.4420","34.4750","3.3450","202203008097","2022"
"","","3.3347","202203017084","2022"
"","","4.4649","202203017085","2022"
"","","4.1877","202203017086","2022"
"","","3.7724","202203017087","2022"
"","","3.8982","202203017088","2022"
"","","8.5583","202203008098","2022"
"0.3400","34.4590","3.6670","202203008099","2022"
"0.6010","34.1500","5.4010","202203008100","2022"
"","","9.4822","202203017089","2022"
"","","8.8070","202203008101","2022"
"3.3940","33.5640","9.0190","202203008102","2022"
"2.1130","33.9690","8.0790","202203008103","2022"
"2.3830","33.9040","8.4290","202203008104","2022"
"0.5210","34.2030","5.1330","202203008105","2022"
"0.5130","34.4840","3.2740","202203008106","2022"
"0.2540","34.2680","4.8020","202203017090","2022"
"2.1170","33.8970","9.6360","202203008107","2022"
"0.7910","34.1140","5.5160","202203008108","2022"
"2.2930","33.8860","9.7720","202203008110","2022"
"2.4670","33.7890","10.3320","202203008109","2022"
"2.5090","33.7820","10.3200","202203008111","2022"
"2.4380","33.8330","9.8930","202203017092","2022"
"2.3610","33.8450","9.7580","202203017093","2022"
"0.2090","34.3100","4.4130","202203017094","2022"
"0.3390","34.4370","3.7790","202203017091","2022"
"2.1130","33.8230","10.1090","202203008112","2022"
"2.1930","33.9290","9.5130","202203008113","2022"
"2.2100","33.8590","9.9650","202203008118","2022"
"2.2350","33.9110","9.6120","202203008114","2022"
"0.7040","34.1660","6.2970","202203008116","2022"
"2.1410","33.9670","9.1790","202203008117","2022"
"2.4780","33.7710","10.1110","202203017095","2022"
"1.3490","34.0990","7.8510","202203017097","2022"
"1.1680","34.1050","7.1840","202203017098","2022"
"2.2820","33.8720","9.8050","202203017096","2022"
"0.2880","34.2620","5.0920","202203008115","2022"
"2.1730","33.8250","10.1130","202203008121","2022"
"2.5660","33.8070","10.2230","202203008119","2022"
"2.7090","33.8400","9.6820","202203008120","2022"
"2.8010","33.7610","10.4460","202203008122","2022"
"2.5100","33.8420","9.9420","202203017101","2022"
"0.7110","34.1650","6.3280","202203017102","2022"
"0.2210","34.3380","4.6670","202203017103","2022"
"1.3160","34.0370","7.8740","202203017099","2022"
"2.1130","33.8340","10.0130","202203017100","2022"
"1.9220","33.9660","9.2440","202203017104","2022"
"3.0200","33.7220","10.6730","202203008124","2022"
"2.9450","33.7220","10.8740","202203008123","2022"
"0.2970","34.2790","5.2270","202203008125","2022"
"0.4100","34.4600","3.7010","202203008126","2022"
"1.4520","34.0910","7.9600","202203017105","2022"
"0.8520","34.0370","6.8480","202203017106","2022"
"0.2360","34.3760","4.4310","202203008129","2022"
"2.5380","33.8690","9.6740","202203008130","2022"
"1.1160","34.1280","7.4160","202203008127","2022"
"0.2340","34.3140","5.1410","202203008128","2022"
"2.6300","33.6960","9.9600","202203017107","2022"
"2.6460","33.8380","9.7650","202203017108","2022"
"0.2560","34.3940","4.2480","202203017109","2022"
"0.3750","34.4420","3.9830","202203017110","2022"
"2.6000","33.8600","9.6510","202203017111","2022"
"2.8030","33.7780","10.6430","202203008131","2022"
"2.9760","33.7940","10.0170","202203008132","2022"
"0.8460","34.1790","7.1970","202203008133","2022"
"0.5040","34.4880","3.6020","202203008135","2022"
"2.3830","33.9130","9.4550","202203017112","2022"
"2.6110","33.8320","9.8700","202203017113","2022"
"0.2720","34.2810","5.3590","202203017114","2022"
"0.2800","34.4070","4.2590","202203017115","2022"
"0.2750","34.2810","5.3590","202203017116","2022"
"2.8470","33.8070","10.0500","202203008134","2022"
"","","3.8688","202203008139","2022"
"","","","202203008138","2022"
"","","3.7965","202203008140","2022"
"0.5160","34.4910","3.6140","202203008137","2022"
"3.4030","33.6800","10.6710","202203017117","2022"
"0.7290","34.1850","6.8790","202203017118","2022"
"0.4620","34.4690","3.6750","202203017119","2022"
"0.6620","34.5080","3.3140","202203017120","2022"
"0.2700","34.4330","4.2800","202203008136","2022"
"","","6.2525","202203008142","2022"
"","","","202203008141","2022"
"0.2030","34.3420","5.3850","202203008143","2022"
"0.9810","34.1690","7.8790","202203017122","2022"
"0.7770","34.1830","7.4360","202203017123","2022"
"0.6700","34.0420","7.2470","202203017125","2022"
"0.4410","34.2290","6.3670","202203017124","2022"
"0.7120","34.1990","7.2680","202203017121","2022"
"0.5860","34.4990","3.5630","202203008146","2022"
"0.3040","34.2750","5.7770","202203008147","2022"
"0.2010","34.3400","5.3850","202203008144","2022"
"0.3480","34.4420","4.3550","202203008145","2022"
"3.2300","33.6690","10.7880","202203017126","2022"
"2.7560","33.8270","10.2230","202203017127","2022"
"2.4760","33.9340","9.8750","202203017128","2022"
"0.7860","34.1660","6.7220","202203017129","2022"
"0.4370","34.1570","5.8820","202203017130","2022"
"0.2130","34.2110","5.6630","202203017131","2022"
"2.7720","33.7920","10.2820","202203008149","2022"
"0.2620","34.3520","4.7740","202203017132","2022"
"0.5310","34.2110","6.4840","202203008153","2022"
"0.1810","34.2900","5.7700","202203008150","2022"
"0.3370","34.2630","5.8240","202203008151","2022"
"0.3870","34.2330","5.8170","202203008152","2022"
"0.2840","34.2910","5.4390","202203008154","2022"
"0.3920","34.3900","4.0690","202203017135","2022"
"0.4720","34.4180","3.9360","202203017136","2022"
"0.4930","34.4340","3.7470","202203017133","2022"
"0.4860","34.4140","3.7610","202203017134","2022"
"0.6510","34.1190","6.0100","202203017137","2022"
"0.2260","34.3550","5.1200","202203008155","2022"
"1.3330","34.1370","8.1780","202203008156","2022"
"1.2120","34.1420","7.7690","202203008157","2022"
"0.2700","34.4140","4.6120","202203008158","2022"
"0.2220","34.3070","5.4420","202203008159","2022"
"0.2460","34.2160","5.3300","202203017142","2022"
"0.5770","34.1230","6.5150","202203017138","2022"
"0.6470","34.1140","6.2690","202203017139","2022"
"0.2290","34.2640","5.2000","202203017140","2022"
"0.3060","34.3400","4.4910","202203017141","2022"
"0.6770","34.0810","7.1600","202203017143","2022"
"0.3790","34.2470","5.9910","202203008160","2022"
"1.7050","34.1260","8.5900","202203008161","2022"
"3.3100","33.7070","10.9830","202203008162","2022"
"2.9590","33.7380","10.7010","202203008164","2022"
"2.9750","33.7280","10.6920","202203008165","2022"
"0.1620","34.2350","6.7010","202203008166","2022"
"3.9110","33.5090","11.7840","202203017144","2022"
"1.3190","34.1080","8.8860","202203017145","2022"
"0.2190","34.2230","6.8300","202203017147","2022"
"0.1300","34.2130","6.6260","202203017148","2022"
"0.7760","34.1950","8.5390","202203017149","2022"
"0.5320","34.2050","7.9820","202203017150","2022"
"0.1660","34.2250","6.8570","202203017146","2022"
"2.3580","33.9830","9.8670","202203008163","2022"
"3.5820","33.5760","11.3700","202203008167","2022"
"0.1340","34.2330","6.5490","202203008168","2022"
"0.4070","34.2100","7.3990","202203008169","2022"
"3.2260","33.6900","11.0220","202203017157","2022"
"3.8600","33.5020","11.9640","202203017151","2022"
"2.5600","33.9260","9.9780","202203017152","2022"
"2.1710","34.0500","9.6140","202203017154","2022"
"2.8980","33.7710","10.4830","202203017155","2022"
"2.7160","33.8530","10.2360","202203017156","2022"
"1.7020","34.1340","9.3060","202203017153","2022"
"1.1070","34.1820","8.9030","202203008170","2022"
"1.5800","34.1400","9.3190","202203008171","2022"
"2.4880","33.9630","9.9020","202203008172","2022"
"3.0300","33.7170","10.7730","202203008173","2022"
"0.1980","34.4540","4.4830","202203008174","2022"
"0.7500","33.6820","8.1850","202203017158","2022"
"3.4740","33.6590","11.2680","202203017160","2022"
"0.3940","34.4270","4.2650","202203017161","2022"
"0.5600","34.4830","3.7480","202203017162","2022"
"0.4050","34.2680","6.0540","202203017159","2022"
"2.2700","34.0400","9.5250","202203008175","2022"
"2.5110","33.9740","9.6720","202203008176","2022"
"0.5150","34.4870","3.8600","202203008177","2022"
"0.5000","34.4880","3.8630","202203008179","2022"
"0.2160","34.3650","5.3530","202203017163","2022"
"0.2770","34.3100","6.2260","202203017164","2022"
"0.2900","34.4030","4.6760","202203008178","2022"
"0.2820","34.4340","4.7830","202203008180","2022"
"0.6620","34.5210","3.5760","202203008181","2022"
"0.2440","34.3400","5.8750","202203008182","2022"
"0.3180","34.3040","6.5470","202203017165","2022"
"0.4750","34.4800","4.0250","202203017166","2022"
"1.1240","34.2250","8.3530","202203008183","2022"
"0.5430","34.2820","7.4910","202203008185","2022"
"0.6110","34.2750","7.6510","202203008186","2022"
"0.4640","34.2880","7.3180","202203008187","2022"
"1.9680","34.0690","10.1950","202203008188","2022"
"2.8280","33.7400","10.9500","202203008189","2022"
"2.7910","33.7610","10.8550","202203017167","2022"
"3.9550","33.4280","12.2300","202203017169","2022"
"0.3200","34.3040","6.7090","202203017168","2022"
"0.9400","34.2370","8.0600","202203008184","2022"
"","","","202203017172","2022"
"","","8.8121","202203017173","2022"
"0.2960","34.4470","4.4840","202203017170","2022"
"0.3670","34.4640","4.2090","202203017171","2022"
"","","7.0801","202203017174","2022"
"","","","202203008191","2022"
"0.1100","34.4000","5.2340","202203008190","2022"
"","","9.2339","202203017175","2022"
"0.1720","34.2740","5.1980","202203017176","2022"
"3.7470","33.4980","11.7600","202203008192","2022"
"","","3.9698","202303010001","2023"
"","","4.8054","202303010002","2023"
"","","5.4013","202303010003","2023"
"","","6.5487","202303010004","2023"
"","","5.3713","202303010005","2023"
"0.3580","34.4520","3.3340","202303020001","2023"
"0.2270","34.3940","3.7870","202303020002","2023"
"0.1880","34.3370","4.1300","202303020003","2023"
"1.6540","33.9830","6.7650","202303020004","2023"
"","","8.1479","202303010006","2023"
"","","8.3459","202303010007","2023"
"","","8.2733","202303010008","2023"
"","","8.2626","202303010009","2023"
"","","7.8653","202303010010","2023"
"","","8.1238","202303010011","2023"
"","","8.0244","202303010012","2023"
"","","7.6891","202303010013","2023"
"1.5010","33.9040","7.3690","202303020007","2023"
"1.6770","33.8730","7.5580","202303020008","2023"
"1.7900","33.7960","7.9220","202303020009","2023"
"1.4180","33.9370","7.1710","202303020006","2023"
"1.5530","33.9160","7.3670","202303020005","2023"
"","","8.3208","202303010014","2023"
"","","8.1367","202303010015","2023"
"","","8.1350","202303010016","2023"
"2.9940","33.2880","8.4030","202303020010","2023"
"1.7650","33.8230","7.7040","202303020011","2023"
"2.2590","33.5680","8.1480","202303020012","2023"
"2.3990","33.7550","8.0230","202303020013","2023"
"2.1830","33.8770","7.6970","202303020014","2023"
"1.9040","33.9200","7.3790","202303020015","2023"
"1.8600","33.9280","7.2020","202303020016","2023"
"","","4.6512","202303010021","2023"
"","","7.7108","202303010017","2023"
"","","7.0869","202303010018","2023"
"","","7.2574","202303010019","2023"
"","","5.1062","202303010020","2023"
"0.4120","34.1720","4.7800","202303020017","2023"
"1.8770","33.8930","7.3420","202303020018","2023"
"1.5360","33.9690","6.5920","202303020020","2023"
"1.5330","33.9660","6.5840","202303020021","2023"
"1.5880","33.8690","7.0770","202303020019","2023"
"","","3.2494","202303010022","2023"
"","","4.2334","202303010023","2023"
"","","3.6768","202303010024","2023"
"1.6540","33.9700","6.7970","202303020022","2023"
"1.7880","33.9430","7.1250","202303020023","2023"
"1.8040","33.9250","7.2530","202303020024","2023"
"1.6880","33.9580","6.9380","202303020025","2023"
"0.8840","34.0700","5.5760","202303020026","2023"
"0.3100","34.2100","4.6520","202303020027","2023"
"","","","202303010025","2023"
"","","7.0645","202303010026","2023"
"","","","202303010027","2023"
"","","7.0532","202303010028","2023"
"","","6.9211","202303010029","2023"
"2.7160","33.9230","7.0410","202303020029","2023"
"0.2550","34.2290","4.5090","202303020030","2023"
"0.1930","34.3400","3.9440","202303020031","2023"
"1.1460","34.0370","5.9660","202303020032","2023"
"1.5450","33.9580","6.9070","202303020028","2023"
"","","7.2352","202303010030","2023"
"","","7.3714","202303010031","2023"
"","","7.3730","202303010032","2023"
"","","7.4601","202303010033","2023"
"0.1870","34.3360","3.9560","202303020033","2023"
"0.2050","34.2800","4.3270","202303020034","2023"
"0.2240","34.3840","3.6930","202303020035","2023"
"0.2230","34.3760","3.7330","202303020036","2023"
"0.1880","34.1130","4.1110","202303020037","2023"
"1.5520","33.9280","7.1880","202303020038","2023"
"1.0850","34.0400","5.9260","202303020039","2023"
"1.6290","33.8740","7.4720","202303020040","2023"
"1.5280","33.8970","7.3380","202303020041","2023"
"1.4460","33.9270","7.1490","202303020042","2023"
"1.4910","33.9120","7.2720","202303020043","2023"
"1.7720","33.6710","8.0480","202303020045","2023"
"1.4140","33.9530","6.8720","202303020044","2023"
"1.7190","33.9380","7.1430","202303020046","2023"
"0.1910","34.3250","4.0680","202303020047","2023"
"1.5270","33.9420","7.0150","202303020048","2023"
"1.4500","33.9670","6.7430","202303020050","2023"
"1.2950","33.9810","6.6080","202303020049","2023"
"1.3530","33.8600","6.6390","202303020051","2023"
"1.3660","33.7860","7.3780","202303020052","2023"
"2.0270","33.8470","7.8090","202303010038","2023"
"1.9820","33.8990","7.4800","202303010037","2023"
"2.1030","33.8820","7.5660","202303020055","2023"
"2.3970","33.7760","7.9490","202303020056","2023"
"1.9610","33.8470","7.7140","202303020057","2023"
"1.9240","33.8210","7.7950","202303020058","2023"
"1.6280","33.9160","7.1930","202303020059","2023"
"1.3890","34.0140","6.5140","202303020060","2023"
"1.4740","33.9410","7.1410","202303020061","2023"
"1.7620","33.9300","7.2570","202303010036","2023"
"1.6770","33.9740","6.7580","202303010040","2023"
"0.9290","34.0910","5.7530","202303010041","2023"
"1.4650","34.0130","6.5960","202303010042","2023"
"1.4780","33.9960","6.7290","202303010043","2023"
"0.6570","34.1180","5.3640","202303020062","2023"
"0.2300","34.2650","4.4750","202303020063","2023"
"0.4170","34.4460","3.2690","202303020064","2023"
"0.2360","34.3700","3.9070","202303020065","2023"
"2.0430","33.8460","7.4720","202303020067","2023"
"1.5670","33.9870","6.6370","202303010039","2023"
"0.2110","34.3470","4.0550","202303020066","2023"
"1.4690","33.9630","7.1390","202303010044","2023"
"1.6350","33.9750","7.1400","202303010045","2023"
"1.5790","33.9870","7.0280","202303010046","2023"
"1.6230","33.9780","7.0680","202303010049","2023"
"1.6390","33.9730","7.1220","202303010050","2023"
"1.7360","33.9670","7.1750","202303010051","2023"
"1.8660","33.9730","7.1620","202303010048","2023"
"0.3300","34.4180","3.5630","202303020068","2023"
"0.2950","34.4020","3.6650","202303020069","2023"
"1.2620","34.0330","6.3490","202303020070","2023"
"1.3910","34.0110","6.5810","202303020071","2023"
"1.3740","33.8850","7.0090","202303020072","2023"
"1.6100","33.9310","7.2160","202303020074","2023"
"1.3920","34.0390","6.5110","202303010047","2023"
"1.7740","33.9580","7.1310","202303020073","2023"
"0.2060","34.3520","4.2770","202303010052","2023"
"0.2090","34.3720","4.1270","202303010053","2023"
"1.2300","34.0670","6.5370","202303010054","2023"
"3.1720","33.9610","7.6670","202303010055","2023"
"0.4070","34.4430","3.3710","202303020075","2023"
"0.3730","34.1970","4.9860","202303020076","2023"
"0.9970","34.0790","6.0980","202303020077","2023"
"2.2840","33.8660","7.6380","202303020078","2023"
"3.2860","33.9220","7.7970","202303020079","2023"
"2.6900","33.9450","7.7870","202303010056","2023"
"3.0930","33.8810","8.1600","202303010057","2023"
"3.0240","33.9110","7.8610","202303020080","2023"
"2.1430","33.9540","7.6000","202303020081","2023"
"0.9260","34.0860","6.1730","202303020082","2023"
"2.2860","33.9410","7.9920","202303010058","2023"
"","","8.1534","202303010059","2023"
"1.9480","33.9650","7.8450","202303020083","2023"
"2.5640","33.8080","8.2390","202303020084","2023"
"2.3240","33.9090","8.2350","202303010060","2023"
"2.4530","33.9000","8.3410","202303010061","2023"
"2.3960","33.8510","8.3570","202303010062","2023"
"","","7.8892","202303020085","2023"
"","","6.4535","202303020086","2023"
"","","4.8287","202303020087","2023"
"","","3.8591","202303020088","2023"
"0.4370","34.4680","3.3490","202303010063","2023"
"2.6790","33.8640","8.8730","202303010064","2023"
"1.8350","34.0260","7.6480","202303010065","2023"
"2.3020","33.9240","8.6130","202303010066","2023"
"2.9350","33.8410","9.0790","202303010067","2023"
"","","4.3355","202303020089","2023"
"","","4.2195","202303020090","2023"
"","","6.8839","202303020091","2023"
"","","8.5849","202303020092","2023"
"","","8.1118","202303020093","2023"
"","","8.6965","202303020094","2023"
"0.5460","34.4980","3.1560","202303010068","2023"
"1.4120","34.0730","7.7760","202303010071","2023"
"0.1950","34.3470","4.4600","202303010070","2023"
"","","3.4938","202303020095","2023"
"","","3.3751","202303020096","2023"
"","","4.9613","202303020097","2023"
"","","7.9541","202303020098","2023"
"","","8.9900","202303020099","2023"
"1.2720","33.9710","3.4090","202303010069","2023"
"1.5710","34.0250","8.4080","202303010072","2023"
"1.8650","33.9300","8.9150","202303010073","2023"
"0.8550","34.1310","6.4280","202303010074","2023"
"0.9120","34.1210","6.4440","202303010075","2023"
"0.8340","34.1080","5.8960","202303010076","2023"
"","","8.9295","202303020100","2023"
"","","8.9964","202303020101","2023"
"","","9.0235","202303020102","2023"
"","","8.2014","202303020103","2023"
"","","8.0805","202303020104","2023"
"","","8.1367","202303020105","2023"
"","","8.1672","202303020106","2023"
"1.5550","34.0590","8.2320","202303010077","2023"
"1.5670","33.9990","8.5730","202303010078","2023"
"1.6620","33.9750","8.7250","202303010079","2023"
"1.3930","33.9580","8.9540","202303010080","2023"
"1.4880","34.0730","8.0970","202303010081","2023"
"","","4.6210","202303020107","2023"
"","","4.4476","202303020108","2023"
"","","4.0127","202303020109","2023"
"","","7.2028","202303020110","2023"
"1.1690","34.1170","7.5310","202303010082","2023"
"0.6720","34.1660","6.2860","202303010084","2023"
"1.5330","33.9440","9.0000","202303010085","2023"
"1.4510","33.9340","9.0180","202303010086","2023"
"","","6.8953","202303020111","2023"
"","","7.3936","202303020112","2023"
"","","6.4173","202303020113","2023"
"","","8.9624","202303020114","2023"
"","","","202303020115","2023"
"0.5180","34.1950","6.4500","202303010083","2023"
"2.1590","33.9230","9.2360","202303010087","2023"
"2.4970","33.8170","9.7110","202303010088","2023"
"2.0080","33.9660","9.4100","202303010089","2023"
"0.7010","34.2240","7.3980","202303010090","2023"
"0.5000","34.4820","3.6040","202303010092","2023"
"2.1835","33.8355","9.6535","202303020120","2023"
"1.2040","34.1445","8.4675","202303020119","2023"
"2.0915","33.9190","9.5620","202303020121","2023"
"0.5140","34.2155","6.2750","202303020118","2023"
"1.1250","34.1900","8.7700","202303010091","2023"
"1.7320","34.0250","9.2185","202303020116","2023"
"0.2490","34.3570","4.7895","202303020117","2023"
"0.7560","34.2330","7.8390","202303010093","2023"
"0.7450","34.2260","7.6710","202303010094","2023"
"1.3100","34.1730","8.9770","202303020122","2023"
"1.1940","34.2070","8.9020","202303020123","2023"
"0.5900","34.5030","3.5170","202303020124","2023"
"0.4990","34.4820","3.7290","202303020125","2023"
"2.3420","33.9610","10.1600","202303020126","2023"
"2.1290","33.9970","9.9840","202303020127","2023"
"0.1920","34.4080","4.6690","202303010095","2023"
"0.5210","34.4870","3.6580","202303010096","2023"
"0.5870","34.4900","3.5040","202303010097","2023"
"0.2900","34.2970","6.2150","202303010099","2023"
"0.2110","34.3390","5.6370","202303020128","2023"
"0.2990","34.2750","6.7770","202303020129","2023"
"0.3960","34.2640","6.7200","202303020130","2023"
"0.2090","34.3560","5.4470","202303020131","2023"
"0.5490","34.4940","3.6730","202303020132","2023"
"0.2700","34.3200","5.8560","202303020133","2023"
"0.4260","34.3850","4.0280","202303010098","2023"
"0.3560","34.4490","4.3230","202303010100","2023"
"0.2470","34.3110","6.0180","202303010101","2023"
"0.4070","34.2700","6.7490","202303010102","2023"
"0.2700","34.2950","6.1600","202303010103","2023"
"0.3850","34.2680","6.5220","202303010104","2023"
"0.3920","34.2730","6.5700","202303010105","2023"
"0.2430","34.3230","5.7020","202303020134","2023"
"0.3850","34.4400","4.2060","202303020136","2023"
"0.2660","34.2860","6.2830","202303020137","2023"
"0.4650","34.2450","7.0490","202303020138","2023"
"0.2610","34.2890","6.0470","202303020135","2023"
"0.3720","34.4310","4.1740","202303010106","2023"
"0.2290","34.2980","5.9920","202303010107","2023"
"0.7960","34.2410","8.1730","202303010108","2023"
"2.4980","33.8760","10.1560","202303010109","2023"
"0.6350","34.2210","7.6340","202303020139","2023"
"1.0080","34.1910","8.7400","202303020140","2023"
"1.0300","34.1960","7.9920","202303010110","2023"
"2.7360","33.8310","10.4660","202303010111","2023"
"2.2810","33.8940","9.9280","202303020142","2023"
"2.6230","33.5050","8.7070","202303020143","2023"
"0.5770","34.2440","7.6440","202303020144","2023"
"0.3820","34.2520","6.6370","202303020145","2023"
"3.1270","33.7040","10.8770","202303020146","2023"
"1.0890","34.1940","9.0470","202303020141","2023"
"","","10.1387","202303010112","2023"
"","","9.6880","202303010113","2023"
"","","5.3501","202303010114","2023"
"","","7.4170","202303010115","2023"
"","","8.7928","202303010116","2023"
"2.4390","33.8800","10.0330","202303020147","2023"
"2.4220","33.8830","10.0180","202303020148","2023"
"0.4350","34.2220","7.4710","202303020149","2023"
"0.2900","34.2760","6.4630","202303020150","2023"
"0.3290","34.2710","6.5560","202303020151","2023"
"0.4510","34.2590","7.1420","202303020152","2023"
"0.0130","34.2360","6.5730","202303010119","2023"
"3.2080","33.6000","11.1120","202303010120","2023"
"0.3390","34.2330","7.3090","202303010118","2023"
"3.3820","33.7245","10.9685","202303020153","2023"
"1.3310","34.1890","8.9940","202303020156","2023"
"1.7420","34.1250","9.1420","202303020157","2023"
"2.2950","33.9915","9.5880","202303020155","2023"
"2.3990","33.8950","10.0390","202303010117","2023"
"1.6100","34.1305","9.2915","202303020154","2023"
"0.0130","34.3920","5.2930","202303010121","2023"
"2.3670","33.8390","10.3200","202303020158","2023"
"2.9340","33.8090","10.0850","202303020159","2023"
"2.4740","33.9070","9.9360","202303010122","2023"
"1.6915","34.1390","9.2825","202303020161","2023"
"1.3800","34.1895","9.1290","202303020160","2023"
"1.7490","34.1190","9.2600","202303020163","2023"
"0.0275","34.3885","5.3240","202303020162","2023"
"2.5670","33.8570","10.3330","202303010123","2023"
"2.2900","33.9100","10.0480","202303010124","2023"
"0.3350","34.2250","7.3900","202303010125","2023"
"0.5140","34.2660","7.6980","202303010126","2023"
"0.6290","34.2810","8.0680","202303010127","2023"
"0.5150","34.4700","3.8540","202303020165","2023"
"0.5910","34.4830","3.6890","202303020166","2023"
"0.5140","34.4700","3.8790","202303020167","2023"
"0.2140","34.3720","5.1330","202303020168","2023"
"0.5260","34.4710","3.8060","202303020164","2023"
"2.7720","33.8300","10.3010","202303010128","2023"
"0.4150","34.4750","3.9270","202303020169","2023"
"0.3670","34.4620","4.0120","202303020170","2023"
"0.2050","34.3830","5.2560","202303020171","2023"
"0.2240","34.3980","4.9970","202303020172","2023"
"0.6400","34.5220","3.5290","202303010129","2023"
"0.3490","34.3040","7.3820","202303020173","2023"
"1.3900","34.1720","9.4980","202303020174","2023"
"2.9590","33.7340","10.0400","202303020175","2023"
"2.6820","33.6780","10.1550","202303020176","2023"
"0.4020","34.4790","4.0290","202303010130","2023"
"2.7790","33.6700","10.2460","202303010132","2023"
"1.5470","34.1490","9.4560","202303010131","2023"
"0.2970","34.3250","7.1500","202303010133","2023"
"0.1610","34.4090","5.0400","202303010134","2023"
"0.6010","34.2870","8.2930","202303020177","2023"
"1.1140","34.1890","8.3020","202303020178","2023"
"0.1920","34.3900","4.2520","202303010135","2023"
"1.8100","33.6340","9.6390","202303010137","2023"
"1.2490","33.6940","8.5850","202303010138","2023"
"0.0960","33.9300","5.3230","202303010136","2023"
"1.3350","34.2135","9.3010","202303020179","2023"
"0.6560","34.2570","8.0040","202303020180","2023"
"0.6320","34.2940","8.2330","202303010139","2023"
"2.7910","33.7270","10.3790","202303010140","2023"
"0.2150","34.3210","6.5420","202303020181","2023"
"0.3160","34.3050","7.1420","202303020182","2023"
"0.3990","34.3010","7.5810","202303020183","2023"
"0.5470","34.1455","5.0940","202303008001","2023"
"0.2445","34.3955","3.7980","202303017001","2023"
"1.1830","34.0210","6.1480","202303017003","2023"
"0.8465","34.0570","5.6600","202303017002","2023"
"1.2420","33.9020","7.4690","202303008004","2023"
"0.2020","34.3160","4.1440","202303008005","2023"
"1.2800","34.0260","6.3720","202303008003","2023"
"","","3.4474","202303017008","2023"
"0.7590","33.8920","7.5060","202303017004","2023"
"1.6870","33.8820","7.5600","202303017005","2023"
"0.2690","34.4080","3.4170","202303017006","2023"
"0.7330","34.0880","5.3900","202303017007","2023"
"0.2000","34.3890","3.7550","202303008002","2023"
"","","7.5514","202303008007","2023"
"1.1220","33.9390","7.0730","202303008006","2023"
"1.4640","33.8810","7.4340","202303008008","2023"
"0.2930","34.4460","3.2880","202303008009","2023"
"0.1740","34.3800","3.7720","202303008010","2023"
"","","4.2487","202303017009","2023"
"","","5.4150","202303017010","2023"
"","","5.8164","202303017011","2023"
"","","7.4405","202303017012","2023"
"","","7.3455","202303017014","2023"
"1.2800","33.8890","7.4270","202303017013","2023"
"0.3460","34.4210","3.4360","202303008011","2023"
"0.3030","34.3960","3.6260","202303008012","2023"
"0.5570","34.1520","4.9700","202303008013","2023"
"0.4180","34.2080","4.7390","202303008014","2023"
"1.1660","33.8200","7.7300","202303008015","2023"
"0.8690","33.7500","7.8670","202303008016","2023"
"1.1500","33.7230","7.8760","202303008017","2023"
"0.8860","33.8830","7.6540","202303017016","2023"
"0.2930","34.2550","4.5950","202303017020","2023"
"0.2230","34.2750","4.3820","202303017018","2023"
"1.1990","33.7540","7.9340","202303017015","2023"
"0.2680","34.2730","4.5020","202303017017","2023"
"0.3980","34.2120","4.8220","202303017019","2023"
"0.7300","33.7640","7.8620","202303008019","2023"
"0.3980","33.7490","7.8940","202303008020","2023"
"0.5950","33.8160","7.7480","202303008021","2023"
"1.6750","33.8290","7.7980","202303008022","2023"
"1.2170","33.8470","7.7130","202303008023","2023"
"1.1780","33.8950","7.4830","202303008025","2023"
"1.4460","33.9650","7.1350","202303017021","2023"
"1.0390","33.9190","7.2490","202303017022","2023"
"1.4240","33.9780","6.9750","202303017023","2023"
"1.2840","33.9070","7.3960","202303017024","2023"
"1.2160","33.9440","7.3040","202303017025","2023"
"1.2820","33.9600","7.1440","202303017026","2023"
"0.9930","33.7480","7.9080","202303008018","2023"
"1.2190","33.8970","7.4660","202303008024","2023"
"0.9970","34.0740","5.8130","202303008026","2023"
"1.6450","33.9550","7.2370","202303008027","2023"
"1.7120","33.8570","7.7250","202303008028","2023"
"","","5.3316","202303017027","2023"
"","","4.2855","202303017028","2023"
"","","7.4636","202303017029","2023"
"","","4.3816","202303017030","2023"
"0.3590","33.7590","7.8680","202303017031","2023"
"0.4030","33.7610","7.8640","202303017032","2023"
"0.7120","33.7790","7.8340","202303017033","2023"
"1.6260","33.8470","7.7790","202303008029","2023"
"1.2230","33.7570","8.0140","202303008030","2023"
"0.9050","33.9670","6.1670","202303008031","2023"
"0.1100","34.1540","4.1910","202303008032","2023"
"0.4890","34.1390","5.0560","202303017034","2023"
"1.1900","34.0210","6.1510","202303017035","2023"
"1.7320","33.8650","7.6240","202303017036","2023"
"1.7500","33.8680","7.6140","202303017037","2023"
"1.6210","33.6270","7.9230","202303017038","2023"
"0.3120","34.4380","3.2680","202303008033","2023"
"1.7380","33.9640","7.0310","202303008034","2023"
"1.5360","33.8920","7.4970","202303008035","2023"
"1.3900","33.8940","7.6180","202303008036","2023"
"0.1780","34.2950","4.3400","202303008037","2023"
"1.0630","33.7770","7.8380","202303017041","2023"
"1.0760","33.7540","7.9140","202303017042","2023"
"1.1260","33.7420","7.9470","202303017043","2023"
"1.8450","33.6810","8.0910","202303017044","2023"
"1.0310","33.8640","7.5920","202303017040","2023"
"0.9800","33.7190","5.9020","202303017039","2023"
"1.4485","33.7630","8.0030","202303008039","2023"
"1.0060","33.8080","7.8740","202303008040","2023"
"1.1980","33.8280","7.8100","202303008041","2023"
"1.4060","33.7850","7.9330","202303008042","2023"
"1.3230","33.7240","8.0720","202303008044","2023"
"0.8335","33.8180","7.8330","202303008038","2023"
"0.7150","33.7650","7.9310","202303017045","2023"
"0.4070","33.7570","7.9620","202303017046","2023"
"1.3940","33.7870","7.9220","202303008043","2023"
"1.7590","33.9780","7.5330","202303008045","2023"
"","","7.7496","202303008047","2023"
"","","6.1807","202303008048","2023"
"","","5.9855","202303008049","2023"
"1.5320","33.9830","6.6400","202303017047","2023"
"1.2030","33.8350","7.8970","202303017048","2023"
"0.6630","33.7800","7.9170","202303017050","2023"
"1.4800","33.9880","6.5590","202303017051","2023"
"0.7450","34.0690","5.2030","202303017052","2023"
"0.4590","33.7830","7.9560","202303008046","2023"
"","","7.6255","202303008052","2023"
"1.4740","33.9290","7.6090","202303008051","2023"
"1.7450","33.9670","7.4350","202303008053","2023"
"0.1830","34.2830","4.4370","202303008054","2023"
"1.5340","34.0060","6.7180","202303008050","2023"
"1.1230","34.0170","6.2050","202303017053","2023"
"1.6330","33.8590","7.6690","202303017055","2023"
"1.6720","33.8190","7.7910","202303017056","2023"
"0.9310","33.7460","7.9700","202303017057","2023"
"1.5450","33.8850","7.6510","202303017054","2023"
"0.7580","34.1100","5.4800","202303008055","2023"
"1.7100","33.9980","7.1220","202303008056","2023"
"0.9520","34.0720","5.7790","202303008057","2023"
"1.3630","34.0270","6.5550","202303008058","2023"
"0.1930","34.3860","3.8880","202303008059","2023"
"1.3480","33.9570","6.4180","202303017058","2023"
"1.7360","33.9140","7.2920","202303017059","2023"
"0.4990","33.5200","8.0250","202303017060","2023"
"1.3570","33.7190","8.1240","202303017061","2023"
"0.7070","33.7170","8.0900","202303017063","2023"
"0.6250","33.7340","8.0630","202303017062","2023"
"0.8850","34.0780","5.6740","202303008060","2023"
"0.9500","34.0720","5.7620","202303008061","2023"
"0.8940","34.0420","5.7430","202303008062","2023"
"1.5220","33.7820","8.1060","202303008063","2023"
"0.3170","33.7830","8.0180","202303008064","2023"
"2.2020","33.6700","8.4730","202303008065","2023"
"1.6550","33.7120","8.2270","202303017064","2023"
"0.7380","33.7920","8.0570","202303017065","2023"
"0.6060","33.7980","7.9910","202303017066","2023"
"0.7970","33.8900","7.9990","202303017067","2023"
"1.5550","33.9490","7.9880","202303017068","2023"
"1.2620","33.8140","8.3270","202303017069","2023"
"1.9300","33.6950","8.5080","202303008066","2023"
"1.1090","33.8760","8.2720","202303008067","2023"
"1.6510","33.8440","8.4260","202303008069","2023"
"2.6770","33.7340","8.7220","202303017070","2023"
"1.8390","33.7900","8.4810","202303017071","2023"
"1.6440","33.9920","7.7480","202303008068","2023"
"0.1960","34.4240","3.5540","202303008070","2023"
"0.1600","34.3590","4.0770","202303008071","2023"
"0.2290","34.2520","4.5570","202303008072","2023"
"0.3330","34.1990","4.7940","202303008073","2023"
"1.0500","34.0610","6.0700","202303008074","2023"
"1.8400","33.9260","7.9570","202303008075","2023"
"1.6470","33.9130","8.3090","202303017072","2023"
"1.1250","34.0300","6.2680","202303017073","2023"
"1.5220","33.9970","6.8890","202303017074","2023"
"0.3350","34.1850","4.7500","202303017075","2023"
"1.6860","34.0180","7.9830","202303008076","2023"
"1.9330","33.8750","8.8520","202303008077","2023"
"2.3290","33.8270","9.3960","202303008078","2023"
"1.5120","33.9970","8.9090","202303008079","2023"
"0.5020","34.1580","5.4470","202303008080","2023"
"0.4460","34.1680","5.1520","202303008081","2023"
"1.7780","33.9820","8.7460","202303008082","2023"
"0.4140","34.4450","3.2270","202303017076","2023"
"0.2700","34.3970","3.6410","202303017077","2023"
"0.5870","34.1080","5.1950","202303017078","2023"
"1.5750","33.9900","7.1840","202303017079","2023"
"0.1490","34.3550","4.0750","202303008083","2023"
"0.2380","34.2370","4.8830","202303008084","2023"
"0.8670","34.1150","6.3030","202303008085","2023"
"0.6180","34.1140","5.3800","202303017080","2023"
"1.4900","34.0110","6.6670","202303017081","2023"
"0.6640","34.1050","5.4830","202303017082","2023"
"0.1890","34.3400","4.1240","202303017083","2023"
"0.9110","34.0700","5.9370","202303017085","2023"
"0.2990","34.2040","4.8090","202303017084","2023"
"2.5140","33.8000","9.4830","202303008086","2023"
"1.4040","34.0520","6.9120","202303008087","2023"
"0.4030","34.1570","5.0440","202303017086","2023"
"0.3530","34.1750","4.8660","202303017087","2023"
"0.1830","34.3040","4.2460","202303017088","2023"
"0.4480","34.4540","3.1410","202303017089","2023"
"0.1680","34.3280","4.0990","202303017090","2023"
"3.0780","33.6620","9.7420","202303008088","2023"
"1.6620","34.0040","7.1030","202303017091","2023"
"0.4590","34.4820","3.1810","202303008092","2023"
"0.9660","34.0910","6.1180","202303008093","2023"
"2.0080","33.9260","9.1160","202303008091","2023"
"0.9350","34.0810","6.3970","202303017092","2023"
"0.6560","34.1080","5.7680","202303017093","2023"
"2.1780","33.8210","9.3670","202303017095","2023"
"2.7030","33.7040","9.5400","202303017096","2023"
"2.3540","33.7400","9.4710","202303017097","2023"
"2.4970","33.7680","9.5100","202303008089","2023"
"2.0040","33.8580","9.4410","202303008090","2023"
"0.2040","34.3260","4.2460","202303017094","2023"
"3.1060","33.6980","9.9940","202303008094","2023"
"0.1830","34.3830","4.0250","202303008095","2023"
"0.1800","34.3000","4.5040","202303008096","2023"
"1.7210","34.0350","8.4140","202303008097","2023"
"1.4360","34.0480","7.3430","202303017098","2023"
"1.6470","33.9890","8.9840","202303017099","2023"
"0.7370","34.1090","5.8670","202303017100","2023"
"3.0470","33.7100","10.0250","202303017101","2023"
"3.1440","33.6390","10.1900","202303017102","2023"
"0.2380","34.4240","3.8090","202303008098","2023"
"0.1830","34.3670","4.3100","202303008099","2023"
"0.2920","34.4330","3.7400","202303008100","2023"
"1.8780","33.8590","9.9550","202303008101","2023"
"0.3000","34.2360","5.2490","202303008102","2023"
"0.8560","34.1070","6.3950","202303017103","2023"
"0.2530","34.3420","4.2680","202303017104","2023"
"2.2770","33.8070","10.1970","202303008103","2023"
"1.9440","33.8940","9.7400","202303008104","2023"
"2.2300","33.7990","10.1750","202303008105","2023"
"1.5910","34.0240","9.2120","202303008106","2023"
"0.2220","34.3280","4.3580","202303017105","2023"
"","","10.4965","202303017108","2023"
"2.1820","33.7900","10.1780","202303017109","2023"
"2.3690","33.7650","10.3020","202303017110","2023"
"2.2080","33.8190","9.9700","202303017107","2023"
"2.5930","33.6890","10.7490","202303008107","2023"
"2.1960","33.8070","10.0250","202303017106","2023"
"1.3520","34.1220","8.4000","202303008108","2023"
"2.0280","33.9010","9.7290","202303008109","2023"
"2.3290","33.7460","10.3290","202303008110","2023"
"2.3330","33.8430","9.9040","202303008111","2023"
"2.4170","33.8080","9.9940","202303008114","2023"
"","","3.8063","202303017111","2023"
"","","4.1322","202303017112","2023"
"","","11.2946","202303017114","2023"
"","","10.4060","202303017115","2023"
"","","8.5344","202303017116","2023"
"1.3960","34.0830","8.8240","202303008112","2023"
"2.4120","33.8000","10.0080","202303008113","2023"
"2.7570","33.6020","11.2420","202303008115","2023"
"","","8.4378","202303017117","2023"
"","","10.0310","202303017118","2023"
"2.5190","33.7040","10.0270","202303017119","2023"
"0.5550","34.1450","5.6800","202303017120","2023"
"","","11.1996","202303008117","2023"
"3.1230","33.5990","11.1160","202303008116","2023"
"3.3430","33.5710","11.2450","202303008118","2023"
"","","11.4934","202303017121","2023"
"","","7.5267","202303017123","2023"
"","","9.1703","202303017124","2023"
"1.5100","34.0690","8.2010","202303017122","2023"
"3.4640","33.5210","11.4550","202303008119","2023"
"3.4460","33.5410","11.4410","202303008120","2023"
"","","10.2139","202303017125","2023"
"","","10.8557","202303017126","2023"
"","","10.8545","202303017127","2023"
"","","3.5814","202303017128","2023"
"3.1840","33.6010","11.0230","202303008121","2023"
"1.0540","34.1590","7.7810","202303008122","2023"
"2.4750","33.8720","9.7140","202303008123","2023"
"2.9740","33.6920","10.4230","202303008124","2023"
"","","8.3218","202303017129","2023"
"","","10.2190","202303017130","2023"
"","","10.4948","202303017131","2023"
"","","6.7347","202303017132","2023"
"3.1450","33.6370","10.7740","202303008126","2023"
"","","5.2040","202303017133","2023"
"0.3660","34.2380","5.9300","202303008127","2023"
"0.9280","34.1740","7.4470","202303008128","2023"
"0.3510","34.2510","6.2060","202303008129","2023"
"0.1650","34.3730","4.8440","202303008130","2023"
"0.2070","34.3950","4.5370","202303008131","2023"
"","","4.6798","202303017136","2023"
"1.1480","34.1470","7.8990","202303017137","2023"
"0.2040","34.2550","4.5760","202303017138","2023"
"0.2350","34.2910","5.3260","202303017135","2023"
"0.2860","34.4150","4.2490","202303017134","2023"
"0.1710","34.3290","5.4050","202303008132","2023"
"0.2780","34.4340","4.2110","202303008133","2023"
"0.5940","34.5040","3.3640","202303008134","2023"
"0.3330","34.4270","4.1410","202303017139","2023"
"0.1960","34.3440","4.9500","202303017140","2023"
"0.1970","34.3290","5.1120","202303017141","2023"
"0.1680","34.2950","5.7650","202303017143","2023"
"0.4440","34.1950","5.8620","202303017144","2023"
"0.4770","34.4820","3.6580","202303008135","2023"
"0.3750","34.4570","3.9230","202303008137","2023"
"0.4520","34.2400","6.6270","202303008138","2023"
"0.6400","34.1720","6.2720","202303008139","2023"
"2.3010","33.9450","9.6100","202303008140","2023"
"2.5480","33.8740","9.8730","202303008141","2023"
"0.5960","34.5030","3.3920","202303008136","2023"
"","","6.1426","202303017146","2023"
"0.5670","34.2310","6.9910","202303017145","2023"
"0.6760","34.2110","7.1760","202303017147","2023"
"1.4530","34.1310","8.6900","202303017148","2023"
"0.3660","34.2470","6.7590","202303017149","2023"
"0.1760","34.2840","5.7760","202303008142","2023"
"0.1590","34.2970","5.8230","202303008143","2023"
"1.8420","34.0460","9.1230","202303008144","2023"
"0.8500","34.1950","7.7390","202303017150","2023"
"3.7640","33.5010","11.6450","202303017151","2023"
"3.6610","33.5460","11.3650","202303008145","2023"
"1.2110","34.1530","8.1080","202303008146","2023"
"0.9930","34.1920","7.8800","202303008147","2023"
"2.0640","34.0110","9.4540","202303008148","2023"
"0.4180","34.2450","6.5560","202303017154","2023"
"1.4870","34.1170","8.4290","202303017155","2023"
"2.6570","33.8190","10.0230","202303017153","2023"
"1.6410","34.0750","8.9200","202303017152","2023"
"4.1500","33.4020","11.9800","202303008149","2023"
"0.5100","34.2230","6.8410","202303008150","2023"
"0.3870","34.2580","6.5070","202303008151","2023"
"0.9290","34.1870","8.6380","202303008152","2023"
"0.2350","34.2480","6.8600","202303008154","2023"
"0.3170","34.2370","7.5260","202303008153","2023"
"0.5190","34.4780","3.7430","202303017156","2023"
"0.4960","34.4560","3.8070","202303017157","2023"
"0.5640","34.4600","3.6400","202303017158","2023"
"3.1490","33.6690","10.7900","202303008155","2023"
"3.3390","33.6470","10.8150","202303008158","2023"
"3.7000","33.5430","11.2560","202303017159","2023"
"0.6200","34.2280","7.1140","202303017160","2023"
"3.7530","33.5310","11.2870","202303017161","2023"
"2.9580","33.7220","10.5370","202303017162","2023"
"0.2000","34.2340","6.8340","202303017163","2023"
"0.2970","34.2440","6.8150","202303017164","2023"
"4.5400","33.4050","13.0570","202303008156","2023"
"2.2460","33.9720","9.7720","202303008157","2023"
"1.6870","34.1250","9.3900","202303017165","2023"
"1.4520","34.1410","9.1810","202303017166","2023"
"0.0070","34.2330","6.5950","202303008159","2023"
"4.0910","33.4070","11.7140","202303008160","2023"
"1.5300","34.1770","9.4650","202303008161","2023"
"3.8930","33.4950","11.4400","202303008162","2023"
"3.3500","33.6340","11.0500","202303008163","2023"
"0.6690","34.2690","7.9320","202303008164","2023"
"3.2200","33.6290","10.8180","202303017168","2023"
"0.2510","34.2340","6.9300","202303017169","2023"
"0.6780","34.1980","8.6140","202303017170","2023"
"1.3990","34.1870","9.2630","202303017171","2023"
"0.2410","34.2310","6.9530","202303017167","2023"
"4.3480","33.3290","12.3070","202303008165","2023"
"0.0050","34.3950","5.2970","202303008166","2023"
"0.1970","34.3340","6.4510","202303008167","2023"
"1.5770","34.1780","9.3930","202303008168","2023"
"1.0250","34.2210","8.6640","202303017172","2023"
"0.1530","34.3440","6.0800","202303017173","2023"
"4.5160","33.2710","12.3730","202303017176","2023"
"2.5820","33.3970","12.0390","202303017175","2023"
"0.0830","34.3940","5.2600","202303017174","2023"
"0.3790","34.4930","4.0130","202303008169","2023"
"0.2640","34.4810","4.1330","202303008170","2023"
"0.5330","34.2870","7.5600","202303008171","2023"
"0.5450","34.2780","7.6370","202303017177","2023"
"0.4580","34.2890","7.4400","202303017178","2023"
"0.5120","34.2830","7.5920","202303017179","2023"
"1.4600","34.1720","9.1240","202303017180","2023"
"4.3660","33.3190","11.8570","202303017181","2023"
"0.3090","34.2780","5.9310","202303008172","2023"
"0.3350","34.4780","4.1260","202303017182","2023"
"0.2840","34.4310","4.1110","202303017183","2023"
"0.2440","34.4620","4.3190","202303017184","2023"
"0.4700","34.5050","3.8340","202303008173","2023"
"0.5400","34.5230","3.6060","202303008174","2023"
"1.0210","34.2370","8.7990","202303017185","2023"
"0.1490","34.3600","5.8850","202303017186","2023"
"3.4150","33.4680","12.2730","202303017187","2023"
"1.5850","34.1140","11.0340","202303008175","2023"
"3.5650","33.4280","12.6110","202303008176","2023"
"0.1810","34.4030","5.2260","202303008177","2023"
"0.6430","34.2690","7.9750","202303017188","2023"
"0.2160","34.4060","4.8170","202303017189","2023"
"0.2660","34.3200","7.0030","202303008178","2023"
"1.6110","34.1650","9.5180","202303017191","2023"
"0.4220","34.3010","7.4760","202303008179","2023"
"0.0650","34.4020","5.2390","202303008180","2023"
"","","9.7950","202303017192","2023"
